Productor,Cultivo,Zona de Produccion,Semana,Mes,Año,Fecha,Litros_estimado,Necesidad_Litros_Ha_semana,Diferencia_vs_clima
BLACK_Prod_1,BLACK,Jocotepec,1,1,2025,2025-01-05,64.32,510.52,-446.2
BLACK_Prod_1,BLACK,Jocotepec,2,1,2025,2025-01-12,65.90938095238094,475.87142857142857,-409.9620476190476
BLACK_Prod_1,BLACK,Jocotepec,3,1,2025,2025-01-19,64.85,555.7428571428571,-490.8928571428571
BLACK_Prod_1,BLACK,Jocotepec,4,1,2025,2025-01-26,80.41,517.3285714285714,-436.91857142857145
BLACK_Prod_1,BLACK,Jocotepec,5,2,2025,2025-02-02,76.97458333333334,574.5428571428572,-497.5682738095239
BLACK_Prod_1,BLACK,Jocotepec,6,2,2025,2025-02-09,78.14375,603.1142857142858,-524.9705357142858
BLACK_Prod_1,BLACK,Jocotepec,7,2,2025,2025-02-16,79.31696428571428,595.9285714285714,-516.6116071428571
BLACK_Prod_1,BLACK,Jocotepec,8,2,2025,2025-02-23,80.04116666666667,621.3000000000001,-541.2588333333334
BLACK_Prod_1,BLACK,Jocotepec,9,3,2025,2025-03-02,88.11458333333331,642.1285714285714,-554.0139880952381
BLACK_Prod_1,BLACK,Jocotepec,10,3,2025,2025-03-09,88.22591666666668,645.6,-557.3740833333334
BLACK_Prod_1,BLACK,Jocotepec,11,3,2025,2025-03-16,88.88,604.1714285714286,-515.2914285714286
BLACK_Prod_1,BLACK,Jocotepec,12,3,2025,2025-03-23,94.99375,657.2571428571429,-562.2633928571429
BLACK_Prod_1,BLACK,Jocotepec,13,3,2025,2025-03-30,107.81125,642.5142857142857,-534.7030357142858
BLACK_Prod_1,BLACK,Jocotepec,14,4,2025,2025-04-06,110.86166666666666,657.0,-546.1383333333333
BLACK_Prod_1,BLACK,Jocotepec,15,4,2025,2025-04-13,115.47,662.4,-546.93
BLACK_Prod_1,BLACK,Jocotepec,16,4,2025,2025-04-20,115.25083333333332,716.1000000000001,-600.8491666666669
BLACK_Prod_1,BLACK,Jocotepec,17,4,2025,2025-04-27,132.80775,742.6,-609.79225
BLACK_Prod_1,BLACK,Jocotepec,18,5,2025,2025-05-04,123.694,633.1142857142856,-509.4202857142856
BLACK_Prod_1,BLACK,Jocotepec,19,5,2025,2025-05-11,119.985,0.0,119.985
BLACK_Prod_1,BLACK,Jocotepec,20,5,2025,2025-05-18,122.54,,
BLACK_Prod_1,BLACK,Jocotepec,21,5,2025,2025-05-25,123.50483333333334,,
BLACK_Prod_1,BLACK,Jocotepec,22,6,2025,2025-06-01,133.62875,,
BLACK_Prod_1,BLACK,Jocotepec,23,6,2025,2025-06-08,134.84375,,
BLACK_Prod_1,BLACK,Jocotepec,24,6,2025,2025-06-15,128.54,,
BLACK_Prod_1,BLACK,Jocotepec,25,6,2025,2025-06-22,129.25941666666665,,
BLACK_Prod_1,BLACK,Jocotepec,26,6,2025,2025-06-29,118.76375,,
BLACK_Prod_1,BLACK,Jocotepec,27,7,2025,2025-07-06,124.92791666666666,,
BLACK_Prod_1,BLACK,Jocotepec,28,7,2025,2025-07-13,131.59500000000003,,
BLACK_Prod_1,BLACK,Jocotepec,29,7,2025,2025-07-20,125.235,,
BLACK_Prod_1,BLACK,Jocotepec,30,7,2025,2025-07-27,122.625,,
BLACK_Prod_1,BLACK,Jocotepec,31,8,2025,2025-08-03,127.62416666666667,,
BLACK_Prod_1,BLACK,Jocotepec,32,8,2025,2025-08-10,129.18708333333333,,
BLACK_Prod_1,BLACK,Jocotepec,33,8,2025,2025-08-17,122.77,,
BLACK_Prod_1,BLACK,Jocotepec,34,8,2025,2025-08-24,119.07808333333334,,
BLACK_Prod_1,BLACK,Jocotepec,35,8,2025,2025-08-31,127.275,,
BLACK_Prod_1,BLACK,Jocotepec,36,9,2025,2025-09-07,112.845,,
BLACK_Prod_1,BLACK,Jocotepec,37,9,2025,2025-09-14,106.05466666666668,,
BLACK_Prod_1,BLACK,Jocotepec,38,9,2025,2025-09-21,106.63966666666666,,
BLACK_Prod_1,BLACK,Jocotepec,39,9,2025,2025-09-28,102.09625,,
BLACK_Prod_1,BLACK,Jocotepec,40,10,2025,2025-10-05,97.04416666666665,,
BLACK_Prod_1,BLACK,Jocotepec,41,10,2025,2025-10-12,104.4075,,
BLACK_Prod_1,BLACK,Jocotepec,42,10,2025,2025-10-19,95.01125,,
BLACK_Prod_1,BLACK,Jocotepec,43,10,2025,2025-10-26,75.3075,,
BLACK_Prod_1,BLACK,Jocotepec,44,11,2025,2025-11-02,86.12899999999999,,
BLACK_Prod_1,BLACK,Jocotepec,45,11,2025,2025-11-09,84.84899999999999,,
BLACK_Prod_1,BLACK,Jocotepec,46,11,2025,2025-11-16,83.585,,
BLACK_Prod_1,BLACK,Jocotepec,47,11,2025,2025-11-23,86.015,,
BLACK_Prod_1,BLACK,Jocotepec,48,11,2025,2025-11-30,81.73708333333333,,
BLACK_Prod_1,BLACK,Jocotepec,49,12,2025,2025-12-07,82.04857142857144,,
BLACK_Prod_1,BLACK,Jocotepec,50,12,2025,2025-12-14,76.18025,,
BLACK_Prod_2,BLACK,Tuxcueca,1,1,2025,2025-01-05,70.14166666666667,510.52,-440.37833333333333
BLACK_Prod_2,BLACK,Tuxcueca,2,1,2025,2025-01-12,72.22397619047621,475.87142857142857,-403.64745238095236
BLACK_Prod_2,BLACK,Tuxcueca,3,1,2025,2025-01-19,69.416,555.7428571428571,-486.32685714285714
BLACK_Prod_2,BLACK,Tuxcueca,4,1,2025,2025-01-26,79.16916666666665,517.3285714285714,-438.15940476190474
BLACK_Prod_2,BLACK,Tuxcueca,5,2,2025,2025-02-02,84.61588888888888,574.5428571428572,-489.9269682539683
BLACK_Prod_2,BLACK,Tuxcueca,6,2,2025,2025-02-09,88.18580555555556,603.1142857142858,-514.9284801587302
BLACK_Prod_2,BLACK,Tuxcueca,7,2,2025,2025-02-16,88.68904761904763,595.9285714285714,-507.2395238095238
BLACK_Prod_2,BLACK,Tuxcueca,8,2,2025,2025-02-23,79.80173809523812,621.3000000000001,-541.498261904762
BLACK_Prod_2,BLACK,Tuxcueca,9,3,2025,2025-03-02,84.22049999999997,642.1285714285714,-557.9080714285714
BLACK_Prod_2,BLACK,Tuxcueca,10,3,2025,2025-03-09,81.80891666666666,645.6,-563.7910833333334
BLACK_Prod_2,BLACK,Tuxcueca,11,3,2025,2025-03-16,88.97416666666666,604.1714285714286,-515.197261904762
BLACK_Prod_2,BLACK,Tuxcueca,12,3,2025,2025-03-23,97.97958333333334,657.2571428571429,-559.2775595238095
BLACK_Prod_2,BLACK,Tuxcueca,13,3,2025,2025-03-30,105.64375,642.5142857142857,-536.8705357142858
BLACK_Prod_2,BLACK,Tuxcueca,14,4,2025,2025-04-06,102.15324999999999,657.0,-554.84675
BLACK_Prod_2,BLACK,Tuxcueca,15,4,2025,2025-04-13,110.93666666666667,662.4,-551.4633333333334
BLACK_Prod_2,BLACK,Tuxcueca,16,4,2025,2025-04-20,102.31416666666668,716.1000000000001,-613.7858333333335
BLACK_Prod_2,BLACK,Tuxcueca,17,4,2025,2025-04-27,102.82217857142858,742.6,-639.7778214285714
BLACK_Prod_2,BLACK,Tuxcueca,18,5,2025,2025-05-04,113.20558333333332,633.1142857142856,-519.9087023809523
BLACK_Prod_2,BLACK,Tuxcueca,19,5,2025,2025-05-11,110.39216666666667,0.0,110.39216666666667
BLACK_Prod_2,BLACK,Tuxcueca,20,5,2025,2025-05-18,127.97300000000001,,
BLACK_Prod_2,BLACK,Tuxcueca,21,5,2025,2025-05-25,107.89084523809524,,
BLACK_Prod_2,BLACK,Tuxcueca,22,6,2025,2025-06-01,127.54285714285716,,
BLACK_Prod_2,BLACK,Tuxcueca,23,6,2025,2025-06-08,127.64675,,
BLACK_Prod_2,BLACK,Tuxcueca,24,6,2025,2025-06-15,112.65233333333333,,
BLACK_Prod_2,BLACK,Tuxcueca,25,6,2025,2025-06-22,135.03104166666662,,
BLACK_Prod_2,BLACK,Tuxcueca,26,6,2025,2025-06-29,129.05874999999997,,
BLACK_Prod_2,BLACK,Tuxcueca,27,7,2025,2025-07-06,123.83425,,
BLACK_Prod_2,BLACK,Tuxcueca,28,7,2025,2025-07-13,130.1281666666667,,
BLACK_Prod_2,BLACK,Tuxcueca,29,7,2025,2025-07-20,136.68466666666666,,
BLACK_Prod_2,BLACK,Tuxcueca,30,7,2025,2025-07-27,133.17383333333333,,
BLACK_Prod_2,BLACK,Tuxcueca,31,8,2025,2025-08-03,123.15089285714286,,
BLACK_Prod_2,BLACK,Tuxcueca,32,8,2025,2025-08-10,125.30422619047619,,
BLACK_Prod_2,BLACK,Tuxcueca,33,8,2025,2025-08-17,133.19455555555555,,
BLACK_Prod_2,BLACK,Tuxcueca,34,8,2025,2025-08-24,108.90888888888887,,
BLACK_Prod_2,BLACK,Tuxcueca,35,8,2025,2025-08-31,122.72963095238096,,
BLACK_Prod_2,BLACK,Tuxcueca,36,9,2025,2025-09-07,110.73841666666667,,
BLACK_Prod_2,BLACK,Tuxcueca,37,9,2025,2025-09-14,107.89808333333335,,
BLACK_Prod_2,BLACK,Tuxcueca,38,9,2025,2025-09-21,93.75775,,
BLACK_Prod_2,BLACK,Tuxcueca,39,9,2025,2025-09-28,107.09166666666668,,
BLACK_Prod_2,BLACK,Tuxcueca,40,10,2025,2025-10-05,97.36542857142855,,
BLACK_Prod_2,BLACK,Tuxcueca,41,10,2025,2025-10-12,99.23320238095239,,
BLACK_Prod_2,BLACK,Tuxcueca,42,10,2025,2025-10-19,100.11946428571429,,
BLACK_Prod_2,BLACK,Tuxcueca,43,10,2025,2025-10-26,87.9029166666667,,
BLACK_Prod_2,BLACK,Tuxcueca,44,11,2025,2025-11-02,85.1867976190476,,
BLACK_Prod_2,BLACK,Tuxcueca,45,11,2025,2025-11-09,81.79921428571429,,
BLACK_Prod_2,BLACK,Tuxcueca,46,11,2025,2025-11-16,78.105,,
BLACK_Prod_2,BLACK,Tuxcueca,47,11,2025,2025-11-23,77.97025,,
BLACK_Prod_2,BLACK,Tuxcueca,48,11,2025,2025-11-30,77.095,,
BLACK_Prod_2,BLACK,Tuxcueca,49,12,2025,2025-12-07,82.56571428571428,,
BLACK_Prod_2,BLACK,Tuxcueca,50,12,2025,2025-12-14,75.14899999999999,,
BLACK_Prod_3,BLACK,Zamora,1,1,2025,2025-01-05,66.155,510.52,-444.365
BLACK_Prod_3,BLACK,Zamora,2,1,2025,2025-01-12,73.73583333333335,475.87142857142857,-402.1355952380952
BLACK_Prod_3,BLACK,Zamora,3,1,2025,2025-01-19,77.02,555.7428571428571,-478.72285714285715
BLACK_Prod_3,BLACK,Zamora,4,1,2025,2025-01-26,79.03166666666667,517.3285714285714,-438.2969047619048
BLACK_Prod_3,BLACK,Zamora,5,2,2025,2025-02-02,82.55758333333333,574.5428571428572,-491.98527380952385
BLACK_Prod_3,BLACK,Zamora,6,2,2025,2025-02-09,86.005,603.1142857142858,-517.1092857142858
BLACK_Prod_3,BLACK,Zamora,7,2,2025,2025-02-16,88.43291666666669,595.9285714285714,-507.49565476190475
BLACK_Prod_3,BLACK,Zamora,8,2,2025,2025-02-23,90.32116666666667,621.3000000000001,-530.9788333333333
BLACK_Prod_3,BLACK,Zamora,9,3,2025,2025-03-02,80.845,642.1285714285714,-561.2835714285713
BLACK_Prod_3,BLACK,Zamora,10,3,2025,2025-03-09,83.665,645.6,-561.9350000000001
BLACK_Prod_3,BLACK,Zamora,11,3,2025,2025-03-16,100.05583333333334,604.1714285714286,-504.11559523809524
BLACK_Prod_3,BLACK,Zamora,12,3,2025,2025-03-23,102.5325,657.2571428571429,-554.7246428571428
BLACK_Prod_3,BLACK,Zamora,13,3,2025,2025-03-30,105.78,642.5142857142857,-536.7342857142858
BLACK_Prod_3,BLACK,Zamora,14,4,2025,2025-04-06,110.2,657.0,-546.8
BLACK_Prod_3,BLACK,Zamora,15,4,2025,2025-04-13,101.75,662.4,-560.65
BLACK_Prod_3,BLACK,Zamora,16,4,2025,2025-04-20,106.23083333333332,716.1000000000001,-609.8691666666668
BLACK_Prod_3,BLACK,Zamora,17,4,2025,2025-04-27,108.335,742.6,-634.265
BLACK_Prod_3,BLACK,Zamora,18,5,2025,2025-05-04,108.804,633.1142857142856,-524.3102857142857
BLACK_Prod_3,BLACK,Zamora,19,5,2025,2025-05-11,110.37899999999999,0.0,110.37899999999999
BLACK_Prod_3,BLACK,Zamora,20,5,2025,2025-05-18,110.95,,
BLACK_Prod_3,BLACK,Zamora,21,5,2025,2025-05-25,112.5555833333333,,
BLACK_Prod_3,BLACK,Zamora,22,6,2025,2025-06-01,116.9325,,
BLACK_Prod_3,BLACK,Zamora,23,6,2025,2025-06-08,121.16,,
BLACK_Prod_3,BLACK,Zamora,24,6,2025,2025-06-15,128.7025,,
BLACK_Prod_3,BLACK,Zamora,25,6,2025,2025-06-22,146.12041666666667,,
BLACK_Prod_3,BLACK,Zamora,26,6,2025,2025-06-29,127.02,,
BLACK_Prod_3,BLACK,Zamora,27,7,2025,2025-07-06,139.23874999999998,,
BLACK_Prod_3,BLACK,Zamora,28,7,2025,2025-07-13,126.55333333333334,,
BLACK_Prod_3,BLACK,Zamora,29,7,2025,2025-07-20,118.055,,
BLACK_Prod_3,BLACK,Zamora,30,7,2025,2025-07-27,126.77,,
BLACK_Prod_3,BLACK,Zamora,31,8,2025,2025-08-03,122.42500000000001,,
BLACK_Prod_3,BLACK,Zamora,32,8,2025,2025-08-10,122.36875000000002,,
BLACK_Prod_3,BLACK,Zamora,33,8,2025,2025-08-17,118.5325,,
BLACK_Prod_3,BLACK,Zamora,34,8,2025,2025-08-24,110.78516666666667,,
BLACK_Prod_3,BLACK,Zamora,35,8,2025,2025-08-31,114.125,,
BLACK_Prod_3,BLACK,Zamora,36,9,2025,2025-09-07,115.6575,,
BLACK_Prod_3,BLACK,Zamora,37,9,2025,2025-09-14,119.04341666666667,,
BLACK_Prod_3,BLACK,Zamora,38,9,2025,2025-09-21,99.50716666666668,,
BLACK_Prod_3,BLACK,Zamora,39,9,2025,2025-09-28,117.445,,
BLACK_Prod_3,BLACK,Zamora,40,10,2025,2025-10-05,97.38416666666666,,
BLACK_Prod_3,BLACK,Zamora,41,10,2025,2025-10-12,95.08875,,
BLACK_Prod_3,BLACK,Zamora,42,10,2025,2025-10-19,98.99799999999999,,
BLACK_Prod_3,BLACK,Zamora,43,10,2025,2025-10-26,91.98525000000001,,
BLACK_Prod_3,BLACK,Zamora,44,11,2025,2025-11-02,86.43666666666667,,
BLACK_Prod_3,BLACK,Zamora,45,11,2025,2025-11-09,84.92,,
BLACK_Prod_3,BLACK,Zamora,46,11,2025,2025-11-16,81.715,,
BLACK_Prod_3,BLACK,Zamora,47,11,2025,2025-11-23,80.5575,,
BLACK_Prod_3,BLACK,Zamora,48,11,2025,2025-11-30,78.50333333333333,,
BLACK_Prod_3,BLACK,Zamora,49,12,2025,2025-12-07,78.68547619047618,,
BLACK_Prod_3,BLACK,Zamora,50,12,2025,2025-12-14,72.03375,,
BLACK_Prod_4,BLACK,Tangancícuaro,1,1,2025,2025-01-05,64.385,510.52,-446.135
BLACK_Prod_4,BLACK,Tangancícuaro,2,1,2025,2025-01-12,66.31971428571428,475.87142857142857,-409.5517142857143
BLACK_Prod_4,BLACK,Tangancícuaro,3,1,2025,2025-01-19,62.315,555.7428571428571,-493.42785714285714
BLACK_Prod_4,BLACK,Tangancícuaro,4,1,2025,2025-01-26,78.2625,517.3285714285714,-439.06607142857143
BLACK_Prod_4,BLACK,Tangancícuaro,5,2,2025,2025-02-02,76.35572222222223,574.5428571428572,-498.187134920635
BLACK_Prod_4,BLACK,Tangancícuaro,6,2,2025,2025-02-09,74.32438888888889,603.1142857142858,-528.7898968253969
BLACK_Prod_4,BLACK,Tangancícuaro,7,2,2025,2025-02-16,73.67458333333333,595.9285714285714,-522.2539880952381
BLACK_Prod_4,BLACK,Tangancícuaro,8,2,2025,2025-02-23,81.19666666666667,621.3000000000001,-540.1033333333334
BLACK_Prod_4,BLACK,Tangancícuaro,9,3,2025,2025-03-02,85.1325,642.1285714285714,-556.9960714285714
BLACK_Prod_4,BLACK,Tangancícuaro,10,3,2025,2025-03-09,77.65683333333334,645.6,-567.9431666666667
BLACK_Prod_4,BLACK,Tangancícuaro,11,3,2025,2025-03-16,97.391,604.1714285714286,-506.78042857142856
BLACK_Prod_4,BLACK,Tangancícuaro,12,3,2025,2025-03-23,100.93875,657.2571428571429,-556.3183928571428
BLACK_Prod_4,BLACK,Tangancícuaro,13,3,2025,2025-03-30,104.68083333333334,642.5142857142857,-537.8334523809524
BLACK_Prod_4,BLACK,Tangancícuaro,14,4,2025,2025-04-06,103.99916666666667,657.0,-553.0008333333333
BLACK_Prod_4,BLACK,Tangancícuaro,15,4,2025,2025-04-13,98.15,662.4,-564.25
BLACK_Prod_4,BLACK,Tangancícuaro,16,4,2025,2025-04-20,111.99583333333334,716.1000000000001,-604.1041666666667
BLACK_Prod_4,BLACK,Tangancícuaro,17,4,2025,2025-04-27,107.4625,742.6,-635.1375
BLACK_Prod_4,BLACK,Tangancícuaro,18,5,2025,2025-05-04,100.21350000000001,633.1142857142856,-532.9007857142856
BLACK_Prod_4,BLACK,Tangancícuaro,19,5,2025,2025-05-11,99.445,0.0,99.445
BLACK_Prod_4,BLACK,Tangancícuaro,20,5,2025,2025-05-18,113.9125,,
BLACK_Prod_4,BLACK,Tangancícuaro,21,5,2025,2025-05-25,127.69755952380955,,
BLACK_Prod_4,BLACK,Tangancícuaro,22,6,2025,2025-06-01,125.2,,
BLACK_Prod_4,BLACK,Tangancícuaro,23,6,2025,2025-06-08,127.01125,,
BLACK_Prod_4,BLACK,Tangancícuaro,24,6,2025,2025-06-15,131.825,,
BLACK_Prod_4,BLACK,Tangancícuaro,25,6,2025,2025-06-22,135.88587499999997,,
BLACK_Prod_4,BLACK,Tangancícuaro,26,6,2025,2025-06-29,131.215,,
BLACK_Prod_4,BLACK,Tangancícuaro,27,7,2025,2025-07-06,134.61375,,
BLACK_Prod_4,BLACK,Tangancícuaro,28,7,2025,2025-07-13,114.98916666666668,,
BLACK_Prod_4,BLACK,Tangancícuaro,29,7,2025,2025-07-20,117.92,,
BLACK_Prod_4,BLACK,Tangancícuaro,30,7,2025,2025-07-27,118.37,,
BLACK_Prod_4,BLACK,Tangancícuaro,31,8,2025,2025-08-03,122.5845,,
BLACK_Prod_4,BLACK,Tangancícuaro,32,8,2025,2025-08-10,118.40325000000001,,
BLACK_Prod_4,BLACK,Tangancícuaro,33,8,2025,2025-08-17,121.90166666666666,,
BLACK_Prod_4,BLACK,Tangancícuaro,34,8,2025,2025-08-24,115.57908333333334,,
BLACK_Prod_4,BLACK,Tangancícuaro,35,8,2025,2025-08-31,113.12875,,
BLACK_Prod_4,BLACK,Tangancícuaro,36,9,2025,2025-09-07,105.18125,,
BLACK_Prod_4,BLACK,Tangancícuaro,37,9,2025,2025-09-14,109.60133333333332,,
BLACK_Prod_4,BLACK,Tangancícuaro,38,9,2025,2025-09-21,95.79041666666667,,
BLACK_Prod_4,BLACK,Tangancícuaro,39,9,2025,2025-09-28,91.91,,
BLACK_Prod_4,BLACK,Tangancícuaro,40,10,2025,2025-10-05,93.01416666666668,,
BLACK_Prod_4,BLACK,Tangancícuaro,41,10,2025,2025-10-12,92.85875,,
BLACK_Prod_4,BLACK,Tangancícuaro,42,10,2025,2025-10-19,88.04125,,
BLACK_Prod_4,BLACK,Tangancícuaro,43,10,2025,2025-10-26,87.45333333333333,,
BLACK_Prod_4,BLACK,Tangancícuaro,44,11,2025,2025-11-02,82.07283333333334,,
BLACK_Prod_4,BLACK,Tangancícuaro,45,11,2025,2025-11-09,78.08233333333332,,
BLACK_Prod_4,BLACK,Tangancícuaro,46,11,2025,2025-11-16,75.095,,
BLACK_Prod_4,BLACK,Tangancícuaro,47,11,2025,2025-11-23,78.6075,,
BLACK_Prod_4,BLACK,Tangancícuaro,48,11,2025,2025-11-30,78.90875,,
BLACK_Prod_4,BLACK,Tangancícuaro,49,12,2025,2025-12-07,84.23416666666668,,
BLACK_Prod_4,BLACK,Tangancícuaro,50,12,2025,2025-12-14,69.57083333333333,,
BLACK_Prod_5,BLACK,Tuxcueca,1,1,2025,2025-01-05,70.14166666666667,510.52,-440.37833333333333
BLACK_Prod_5,BLACK,Tuxcueca,2,1,2025,2025-01-12,72.22397619047621,475.87142857142857,-403.64745238095236
BLACK_Prod_5,BLACK,Tuxcueca,3,1,2025,2025-01-19,69.416,555.7428571428571,-486.32685714285714
BLACK_Prod_5,BLACK,Tuxcueca,4,1,2025,2025-01-26,79.16916666666665,517.3285714285714,-438.15940476190474
BLACK_Prod_5,BLACK,Tuxcueca,5,2,2025,2025-02-02,84.61588888888888,574.5428571428572,-489.9269682539683
BLACK_Prod_5,BLACK,Tuxcueca,6,2,2025,2025-02-09,88.18580555555556,603.1142857142858,-514.9284801587302
BLACK_Prod_5,BLACK,Tuxcueca,7,2,2025,2025-02-16,88.68904761904763,595.9285714285714,-507.2395238095238
BLACK_Prod_5,BLACK,Tuxcueca,8,2,2025,2025-02-23,79.80173809523812,621.3000000000001,-541.498261904762
BLACK_Prod_5,BLACK,Tuxcueca,9,3,2025,2025-03-02,84.22049999999997,642.1285714285714,-557.9080714285714
BLACK_Prod_5,BLACK,Tuxcueca,10,3,2025,2025-03-09,81.80891666666666,645.6,-563.7910833333334
BLACK_Prod_5,BLACK,Tuxcueca,11,3,2025,2025-03-16,88.97416666666666,604.1714285714286,-515.197261904762
BLACK_Prod_5,BLACK,Tuxcueca,12,3,2025,2025-03-23,97.97958333333334,657.2571428571429,-559.2775595238095
BLACK_Prod_5,BLACK,Tuxcueca,13,3,2025,2025-03-30,105.64375,642.5142857142857,-536.8705357142858
BLACK_Prod_5,BLACK,Tuxcueca,14,4,2025,2025-04-06,102.15324999999999,657.0,-554.84675
BLACK_Prod_5,BLACK,Tuxcueca,15,4,2025,2025-04-13,110.93666666666667,662.4,-551.4633333333334
BLACK_Prod_5,BLACK,Tuxcueca,16,4,2025,2025-04-20,102.31416666666668,716.1000000000001,-613.7858333333335
BLACK_Prod_5,BLACK,Tuxcueca,17,4,2025,2025-04-27,102.82217857142858,742.6,-639.7778214285714
BLACK_Prod_5,BLACK,Tuxcueca,18,5,2025,2025-05-04,113.20558333333332,633.1142857142856,-519.9087023809523
BLACK_Prod_5,BLACK,Tuxcueca,19,5,2025,2025-05-11,110.39216666666667,0.0,110.39216666666667
BLACK_Prod_5,BLACK,Tuxcueca,20,5,2025,2025-05-18,127.97300000000001,,
BLACK_Prod_5,BLACK,Tuxcueca,21,5,2025,2025-05-25,107.89084523809524,,
BLACK_Prod_5,BLACK,Tuxcueca,22,6,2025,2025-06-01,127.54285714285716,,
BLACK_Prod_5,BLACK,Tuxcueca,23,6,2025,2025-06-08,127.64675,,
BLACK_Prod_5,BLACK,Tuxcueca,24,6,2025,2025-06-15,112.65233333333333,,
BLACK_Prod_5,BLACK,Tuxcueca,25,6,2025,2025-06-22,135.03104166666662,,
BLACK_Prod_5,BLACK,Tuxcueca,26,6,2025,2025-06-29,129.05874999999997,,
BLACK_Prod_5,BLACK,Tuxcueca,27,7,2025,2025-07-06,123.83425,,
BLACK_Prod_5,BLACK,Tuxcueca,28,7,2025,2025-07-13,130.1281666666667,,
BLACK_Prod_5,BLACK,Tuxcueca,29,7,2025,2025-07-20,136.68466666666666,,
BLACK_Prod_5,BLACK,Tuxcueca,30,7,2025,2025-07-27,133.17383333333333,,
BLACK_Prod_5,BLACK,Tuxcueca,31,8,2025,2025-08-03,123.15089285714286,,
BLACK_Prod_5,BLACK,Tuxcueca,32,8,2025,2025-08-10,125.30422619047619,,
BLACK_Prod_5,BLACK,Tuxcueca,33,8,2025,2025-08-17,133.19455555555555,,
BLACK_Prod_5,BLACK,Tuxcueca,34,8,2025,2025-08-24,108.90888888888887,,
BLACK_Prod_5,BLACK,Tuxcueca,35,8,2025,2025-08-31,122.72963095238096,,
BLACK_Prod_5,BLACK,Tuxcueca,36,9,2025,2025-09-07,110.73841666666667,,
BLACK_Prod_5,BLACK,Tuxcueca,37,9,2025,2025-09-14,107.89808333333335,,
BLACK_Prod_5,BLACK,Tuxcueca,38,9,2025,2025-09-21,93.75775,,
BLACK_Prod_5,BLACK,Tuxcueca,39,9,2025,2025-09-28,107.09166666666668,,
BLACK_Prod_5,BLACK,Tuxcueca,40,10,2025,2025-10-05,97.36542857142855,,
BLACK_Prod_5,BLACK,Tuxcueca,41,10,2025,2025-10-12,99.23320238095239,,
BLACK_Prod_5,BLACK,Tuxcueca,42,10,2025,2025-10-19,100.11946428571429,,
BLACK_Prod_5,BLACK,Tuxcueca,43,10,2025,2025-10-26,87.9029166666667,,
BLACK_Prod_5,BLACK,Tuxcueca,44,11,2025,2025-11-02,85.1867976190476,,
BLACK_Prod_5,BLACK,Tuxcueca,45,11,2025,2025-11-09,81.79921428571429,,
BLACK_Prod_5,BLACK,Tuxcueca,46,11,2025,2025-11-16,78.105,,
BLACK_Prod_5,BLACK,Tuxcueca,47,11,2025,2025-11-23,77.97025,,
BLACK_Prod_5,BLACK,Tuxcueca,48,11,2025,2025-11-30,77.095,,
BLACK_Prod_5,BLACK,Tuxcueca,49,12,2025,2025-12-07,82.56571428571428,,
BLACK_Prod_5,BLACK,Tuxcueca,50,12,2025,2025-12-14,75.14899999999999,,
BLUE_Prod_1,BLUE,Tuxcueca,1,1,2025,2025-01-05,77.76183333333333,510.52,-432.7581666666666
BLUE_Prod_1,BLUE,Tuxcueca,2,1,2025,2025-01-12,82.36,475.87142857142857,-393.51142857142855
BLUE_Prod_1,BLUE,Tuxcueca,3,1,2025,2025-01-19,83.41408333333332,555.7428571428571,-472.3287738095238
BLUE_Prod_1,BLUE,Tuxcueca,4,1,2025,2025-01-26,87.70300000000002,517.3285714285714,-429.6255714285714
BLUE_Prod_1,BLUE,Tuxcueca,5,2,2025,2025-02-02,87.77825000000001,574.5428571428572,-486.7646071428572
BLUE_Prod_1,BLUE,Tuxcueca,6,2,2025,2025-02-09,87.88050000000001,603.1142857142858,-515.2337857142858
BLUE_Prod_1,BLUE,Tuxcueca,7,2,2025,2025-02-16,104.37,595.9285714285714,-491.55857142857144
BLUE_Prod_1,BLUE,Tuxcueca,8,2,2025,2025-02-23,100.05166666666666,621.3000000000001,-521.2483333333334
BLUE_Prod_1,BLUE,Tuxcueca,9,3,2025,2025-03-02,111.37025,642.1285714285714,-530.7583214285714
BLUE_Prod_1,BLUE,Tuxcueca,10,3,2025,2025-03-09,113.3925,645.6,-532.2075
BLUE_Prod_1,BLUE,Tuxcueca,11,3,2025,2025-03-16,118.53833333333334,604.1714285714286,-485.6330952380952
BLUE_Prod_1,BLUE,Tuxcueca,12,3,2025,2025-03-23,121.795,657.2571428571429,-535.4621428571429
BLUE_Prod_1,BLUE,Tuxcueca,13,3,2025,2025-03-30,110.605,642.5142857142857,-531.9092857142857
BLUE_Prod_1,BLUE,Tuxcueca,14,4,2025,2025-04-06,122.69349999999999,657.0,-534.3065
BLUE_Prod_1,BLUE,Tuxcueca,15,4,2025,2025-04-13,127.845,662.4,-534.555
BLUE_Prod_1,BLUE,Tuxcueca,16,4,2025,2025-04-20,118.45666666666668,716.1000000000001,-597.6433333333334
BLUE_Prod_1,BLUE,Tuxcueca,17,4,2025,2025-04-27,125.12589285714286,742.6,-617.4741071428572
BLUE_Prod_1,BLUE,Tuxcueca,18,5,2025,2025-05-04,143.83541666666667,633.1142857142856,-489.27886904761897
BLUE_Prod_1,BLUE,Tuxcueca,19,5,2025,2025-05-11,148.82025,0.0,148.82025
BLUE_Prod_1,BLUE,Tuxcueca,20,5,2025,2025-05-18,151.48733333333334,,
BLUE_Prod_1,BLUE,Tuxcueca,21,5,2025,2025-05-25,145.42175,,
BLUE_Prod_1,BLUE,Tuxcueca,22,6,2025,2025-06-01,147.2875,,
BLUE_Prod_1,BLUE,Tuxcueca,23,6,2025,2025-06-08,151.331,,
BLUE_Prod_1,BLUE,Tuxcueca,24,6,2025,2025-06-15,157.66625000000002,,
BLUE_Prod_1,BLUE,Tuxcueca,25,6,2025,2025-06-22,135.125,,
BLUE_Prod_1,BLUE,Tuxcueca,26,6,2025,2025-06-29,165.15,,
BLUE_Prod_1,BLUE,Tuxcueca,27,7,2025,2025-07-06,139.31583333333333,,
BLUE_Prod_1,BLUE,Tuxcueca,28,7,2025,2025-07-13,155.45,,
BLUE_Prod_1,BLUE,Tuxcueca,29,7,2025,2025-07-20,150.235,,
BLUE_Prod_1,BLUE,Tuxcueca,30,7,2025,2025-07-27,141.49,,
BLUE_Prod_1,BLUE,Tuxcueca,31,8,2025,2025-08-03,129.15033333333332,,
BLUE_Prod_1,BLUE,Tuxcueca,32,8,2025,2025-08-10,136.08866666666668,,
BLUE_Prod_1,BLUE,Tuxcueca,33,8,2025,2025-08-17,136.97166666666666,,
BLUE_Prod_1,BLUE,Tuxcueca,34,8,2025,2025-08-24,129.80492857142855,,
BLUE_Prod_1,BLUE,Tuxcueca,35,8,2025,2025-08-31,131.41558333333336,,
BLUE_Prod_1,BLUE,Tuxcueca,36,9,2025,2025-09-07,130.94466666666668,,
BLUE_Prod_1,BLUE,Tuxcueca,37,9,2025,2025-09-14,129.77,,
BLUE_Prod_1,BLUE,Tuxcueca,38,9,2025,2025-09-21,134.45,,
BLUE_Prod_1,BLUE,Tuxcueca,39,9,2025,2025-09-28,128.21,,
BLUE_Prod_1,BLUE,Tuxcueca,40,10,2025,2025-10-05,128.6575,,
BLUE_Prod_1,BLUE,Tuxcueca,41,10,2025,2025-10-12,121.71775,,
BLUE_Prod_1,BLUE,Tuxcueca,42,10,2025,2025-10-19,107.182,,
BLUE_Prod_1,BLUE,Tuxcueca,43,10,2025,2025-10-26,106.296,,
BLUE_Prod_1,BLUE,Tuxcueca,44,11,2025,2025-11-02,106.6445238095238,,
BLUE_Prod_1,BLUE,Tuxcueca,45,11,2025,2025-11-09,107.29119047619048,,
BLUE_Prod_1,BLUE,Tuxcueca,46,11,2025,2025-11-16,117.45,,
BLUE_Prod_1,BLUE,Tuxcueca,47,11,2025,2025-11-23,97.63650000000001,,
BLUE_Prod_1,BLUE,Tuxcueca,48,11,2025,2025-11-30,94.31533333333333,,
BLUE_Prod_1,BLUE,Tuxcueca,49,12,2025,2025-12-07,86.37366666666667,,
BLUE_Prod_1,BLUE,Tuxcueca,50,12,2025,2025-12-14,84.6475,,
BLUE_Prod_2,BLUE,Tangancícuaro,1,1,2025,2025-01-05,66.704,510.52,-443.816
BLUE_Prod_2,BLUE,Tangancícuaro,2,1,2025,2025-01-12,77.9445,475.87142857142857,-397.92692857142856
BLUE_Prod_2,BLUE,Tangancícuaro,3,1,2025,2025-01-19,82.38041666666668,555.7428571428571,-473.36244047619044
BLUE_Prod_2,BLUE,Tangancícuaro,4,1,2025,2025-01-26,92.35166666666667,517.3285714285714,-424.97690476190473
BLUE_Prod_2,BLUE,Tangancícuaro,5,2,2025,2025-02-02,95.15891666666668,574.5428571428572,-479.3839404761905
BLUE_Prod_2,BLUE,Tangancícuaro,6,2,2025,2025-02-09,98.32016666666668,603.1142857142858,-504.79411904761906
BLUE_Prod_2,BLUE,Tangancícuaro,7,2,2025,2025-02-16,95.86833333333334,595.9285714285714,-500.0602380952381
BLUE_Prod_2,BLUE,Tangancícuaro,8,2,2025,2025-02-23,92.375,621.3000000000001,-528.9250000000001
BLUE_Prod_2,BLUE,Tangancícuaro,9,3,2025,2025-03-02,118.0985,642.1285714285714,-524.0300714285713
BLUE_Prod_2,BLUE,Tangancícuaro,10,3,2025,2025-03-09,113.846,645.6,-531.754
BLUE_Prod_2,BLUE,Tangancícuaro,11,3,2025,2025-03-16,112.86433333333335,604.1714285714286,-491.30709523809526
BLUE_Prod_2,BLUE,Tangancícuaro,12,3,2025,2025-03-23,113.339,657.2571428571429,-543.9181428571428
BLUE_Prod_2,BLUE,Tangancícuaro,13,3,2025,2025-03-30,112.285,642.5142857142857,-530.2292857142858
BLUE_Prod_2,BLUE,Tangancícuaro,14,4,2025,2025-04-06,118.40100000000002,657.0,-538.5989999999999
BLUE_Prod_2,BLUE,Tangancícuaro,15,4,2025,2025-04-13,119.6075,662.4,-542.7925
BLUE_Prod_2,BLUE,Tangancícuaro,16,4,2025,2025-04-20,122.15166666666669,716.1000000000001,-593.9483333333335
BLUE_Prod_2,BLUE,Tangancícuaro,17,4,2025,2025-04-27,127.03083333333332,742.6,-615.5691666666667
BLUE_Prod_2,BLUE,Tangancícuaro,18,5,2025,2025-05-04,129.78533333333334,633.1142857142856,-503.3289523809523
BLUE_Prod_2,BLUE,Tangancícuaro,19,5,2025,2025-05-11,127.97498809523809,0.0,127.97498809523809
BLUE_Prod_2,BLUE,Tangancícuaro,20,5,2025,2025-05-18,142.11833333333334,,
BLUE_Prod_2,BLUE,Tangancícuaro,21,5,2025,2025-05-25,137.86991666666668,,
BLUE_Prod_2,BLUE,Tangancícuaro,22,6,2025,2025-06-01,146.11616666666666,,
BLUE_Prod_2,BLUE,Tangancícuaro,23,6,2025,2025-06-08,131.36666666666667,,
BLUE_Prod_2,BLUE,Tangancícuaro,24,6,2025,2025-06-15,156.4635,,
BLUE_Prod_2,BLUE,Tangancícuaro,25,6,2025,2025-06-22,150.2075,,
BLUE_Prod_2,BLUE,Tangancícuaro,26,6,2025,2025-06-29,136.62875,,
BLUE_Prod_2,BLUE,Tangancícuaro,27,7,2025,2025-07-06,147.49416666666667,,
BLUE_Prod_2,BLUE,Tangancícuaro,28,7,2025,2025-07-13,147.245,,
BLUE_Prod_2,BLUE,Tangancícuaro,29,7,2025,2025-07-20,143.35049999999998,,
BLUE_Prod_2,BLUE,Tangancícuaro,30,7,2025,2025-07-27,142.96,,
BLUE_Prod_2,BLUE,Tangancícuaro,31,8,2025,2025-08-03,143.66,,
BLUE_Prod_2,BLUE,Tangancícuaro,32,8,2025,2025-08-10,155.54166666666669,,
BLUE_Prod_2,BLUE,Tangancícuaro,33,8,2025,2025-08-17,148.505,,
BLUE_Prod_2,BLUE,Tangancícuaro,34,8,2025,2025-08-24,148.72283333333334,,
BLUE_Prod_2,BLUE,Tangancícuaro,35,8,2025,2025-08-31,136.99166666666667,,
BLUE_Prod_2,BLUE,Tangancícuaro,36,9,2025,2025-09-07,121.54,,
BLUE_Prod_2,BLUE,Tangancícuaro,37,9,2025,2025-09-14,121.51,,
BLUE_Prod_2,BLUE,Tangancícuaro,38,9,2025,2025-09-21,126.02000000000002,,
BLUE_Prod_2,BLUE,Tangancícuaro,39,9,2025,2025-09-28,112.87,,
BLUE_Prod_2,BLUE,Tangancícuaro,40,10,2025,2025-10-05,113.49666666666666,,
BLUE_Prod_2,BLUE,Tangancícuaro,41,10,2025,2025-10-12,113.59816666666666,,
BLUE_Prod_2,BLUE,Tangancícuaro,42,10,2025,2025-10-19,110.0897142857143,,
BLUE_Prod_2,BLUE,Tangancícuaro,43,10,2025,2025-10-26,113.0,,
BLUE_Prod_2,BLUE,Tangancícuaro,44,11,2025,2025-11-02,104.45833333333334,,
BLUE_Prod_2,BLUE,Tangancícuaro,45,11,2025,2025-11-09,103.06666666666666,,
BLUE_Prod_2,BLUE,Tangancícuaro,46,11,2025,2025-11-16,111.815,,
BLUE_Prod_2,BLUE,Tangancícuaro,47,11,2025,2025-11-23,93.178,,
BLUE_Prod_2,BLUE,Tangancícuaro,48,11,2025,2025-11-30,96.325,,
BLUE_Prod_2,BLUE,Tangancícuaro,49,12,2025,2025-12-07,97.26341666666667,,
BLUE_Prod_2,BLUE,Tangancícuaro,50,12,2025,2025-12-14,90.54583333333332,,
BLUE_Prod_3,BLUE,Guzmán,1,1,2025,2025-01-05,82.09016666666666,510.52,-428.4298333333333
BLUE_Prod_3,BLUE,Guzmán,2,1,2025,2025-01-12,79.98099999999998,475.87142857142857,-395.8904285714286
BLUE_Prod_3,BLUE,Guzmán,3,1,2025,2025-01-19,83.18666666666667,555.7428571428571,-472.55619047619047
BLUE_Prod_3,BLUE,Guzmán,4,1,2025,2025-01-26,88.83883333333335,517.3285714285714,-428.48973809523807
BLUE_Prod_3,BLUE,Guzmán,5,2,2025,2025-02-02,81.49833333333333,574.5428571428572,-493.04452380952387
BLUE_Prod_3,BLUE,Guzmán,6,2,2025,2025-02-09,84.4546666666667,603.1142857142858,-518.6596190476191
BLUE_Prod_3,BLUE,Guzmán,7,2,2025,2025-02-16,94.00980952380955,595.9285714285714,-501.9187619047619
BLUE_Prod_3,BLUE,Guzmán,8,2,2025,2025-02-23,91.47016666666664,621.3000000000001,-529.8298333333335
BLUE_Prod_3,BLUE,Guzmán,9,3,2025,2025-03-02,105.781,642.1285714285714,-536.3475714285714
BLUE_Prod_3,BLUE,Guzmán,10,3,2025,2025-03-09,103.95016666666666,645.6,-541.6498333333334
BLUE_Prod_3,BLUE,Guzmán,11,3,2025,2025-03-16,113.8683333333333,604.1714285714286,-490.3030952380953
BLUE_Prod_3,BLUE,Guzmán,12,3,2025,2025-03-23,117.99599999999998,657.2571428571429,-539.2611428571429
BLUE_Prod_3,BLUE,Guzmán,13,3,2025,2025-03-30,104.13850000000001,642.5142857142857,-538.3757857142857
BLUE_Prod_3,BLUE,Guzmán,14,4,2025,2025-04-06,118.33235714285715,657.0,-538.6676428571428
BLUE_Prod_3,BLUE,Guzmán,15,4,2025,2025-04-13,128.09733333333332,662.4,-534.3026666666667
BLUE_Prod_3,BLUE,Guzmán,16,4,2025,2025-04-20,129.30708333333337,716.1000000000001,-586.7929166666668
BLUE_Prod_3,BLUE,Guzmán,17,4,2025,2025-04-27,124.4575238095238,742.6,-618.1424761904763
BLUE_Prod_3,BLUE,Guzmán,18,5,2025,2025-05-04,134.60491666666664,633.1142857142856,-498.509369047619
BLUE_Prod_3,BLUE,Guzmán,19,5,2025,2025-05-11,127.85382142857142,0.0,127.85382142857142
BLUE_Prod_3,BLUE,Guzmán,20,5,2025,2025-05-18,151.5575,,
BLUE_Prod_3,BLUE,Guzmán,21,5,2025,2025-05-25,138.87491666666668,,
BLUE_Prod_3,BLUE,Guzmán,22,6,2025,2025-06-01,163.76555952380954,,
BLUE_Prod_3,BLUE,Guzmán,23,6,2025,2025-06-08,158.1537261904762,,
BLUE_Prod_3,BLUE,Guzmán,24,6,2025,2025-06-15,159.4205,,
BLUE_Prod_3,BLUE,Guzmán,25,6,2025,2025-06-22,164.93575,,
BLUE_Prod_3,BLUE,Guzmán,26,6,2025,2025-06-29,159.94307142857144,,
BLUE_Prod_3,BLUE,Guzmán,27,7,2025,2025-07-06,157.27497619047625,,
BLUE_Prod_3,BLUE,Guzmán,28,7,2025,2025-07-13,154.01225,,
BLUE_Prod_3,BLUE,Guzmán,29,7,2025,2025-07-20,143.1825,,
BLUE_Prod_3,BLUE,Guzmán,30,7,2025,2025-07-27,150.49,,
BLUE_Prod_3,BLUE,Guzmán,31,8,2025,2025-08-03,140.57333333333335,,
BLUE_Prod_3,BLUE,Guzmán,32,8,2025,2025-08-10,136.97166666666666,,
BLUE_Prod_3,BLUE,Guzmán,33,8,2025,2025-08-17,137.90599999999998,,
BLUE_Prod_3,BLUE,Guzmán,34,8,2025,2025-08-24,135.2350119047619,,
BLUE_Prod_3,BLUE,Guzmán,35,8,2025,2025-08-31,135.45741666666672,,
BLUE_Prod_3,BLUE,Guzmán,36,9,2025,2025-09-07,133.32466666666667,,
BLUE_Prod_3,BLUE,Guzmán,37,9,2025,2025-09-14,134.57633333333334,,
BLUE_Prod_3,BLUE,Guzmán,38,9,2025,2025-09-21,134.57916666666668,,
BLUE_Prod_3,BLUE,Guzmán,39,9,2025,2025-09-28,125.0275,,
BLUE_Prod_3,BLUE,Guzmán,40,10,2025,2025-10-05,124.94866666666665,,
BLUE_Prod_3,BLUE,Guzmán,41,10,2025,2025-10-12,104.83670833333333,,
BLUE_Prod_3,BLUE,Guzmán,42,10,2025,2025-10-19,111.02316666666667,,
BLUE_Prod_3,BLUE,Guzmán,43,10,2025,2025-10-26,110.48433333333337,,
BLUE_Prod_3,BLUE,Guzmán,44,11,2025,2025-11-02,104.52385714285712,,
BLUE_Prod_3,BLUE,Guzmán,45,11,2025,2025-11-09,99.1215238095238,,
BLUE_Prod_3,BLUE,Guzmán,46,11,2025,2025-11-16,102.95,,
BLUE_Prod_3,BLUE,Guzmán,47,11,2025,2025-11-23,98.99533333333335,,
BLUE_Prod_3,BLUE,Guzmán,48,11,2025,2025-11-30,89.951875,,
BLUE_Prod_3,BLUE,Guzmán,49,12,2025,2025-12-07,96.03572023809524,,
BLUE_Prod_3,BLUE,Guzmán,50,12,2025,2025-12-14,94.19404166666668,,
BLUE_Prod_4,BLUE,Guzmán,1,1,2025,2025-01-05,82.09016666666666,510.52,-428.4298333333333
BLUE_Prod_4,BLUE,Guzmán,2,1,2025,2025-01-12,79.98099999999998,475.87142857142857,-395.8904285714286
BLUE_Prod_4,BLUE,Guzmán,3,1,2025,2025-01-19,83.18666666666667,555.7428571428571,-472.55619047619047
BLUE_Prod_4,BLUE,Guzmán,4,1,2025,2025-01-26,88.83883333333335,517.3285714285714,-428.48973809523807
BLUE_Prod_4,BLUE,Guzmán,5,2,2025,2025-02-02,81.49833333333333,574.5428571428572,-493.04452380952387
BLUE_Prod_4,BLUE,Guzmán,6,2,2025,2025-02-09,84.4546666666667,603.1142857142858,-518.6596190476191
BLUE_Prod_4,BLUE,Guzmán,7,2,2025,2025-02-16,94.00980952380955,595.9285714285714,-501.9187619047619
BLUE_Prod_4,BLUE,Guzmán,8,2,2025,2025-02-23,91.47016666666664,621.3000000000001,-529.8298333333335
BLUE_Prod_4,BLUE,Guzmán,9,3,2025,2025-03-02,105.781,642.1285714285714,-536.3475714285714
BLUE_Prod_4,BLUE,Guzmán,10,3,2025,2025-03-09,103.95016666666666,645.6,-541.6498333333334
BLUE_Prod_4,BLUE,Guzmán,11,3,2025,2025-03-16,113.8683333333333,604.1714285714286,-490.3030952380953
BLUE_Prod_4,BLUE,Guzmán,12,3,2025,2025-03-23,117.99599999999998,657.2571428571429,-539.2611428571429
BLUE_Prod_4,BLUE,Guzmán,13,3,2025,2025-03-30,104.13850000000001,642.5142857142857,-538.3757857142857
BLUE_Prod_4,BLUE,Guzmán,14,4,2025,2025-04-06,118.33235714285715,657.0,-538.6676428571428
BLUE_Prod_4,BLUE,Guzmán,15,4,2025,2025-04-13,128.09733333333332,662.4,-534.3026666666667
BLUE_Prod_4,BLUE,Guzmán,16,4,2025,2025-04-20,129.30708333333337,716.1000000000001,-586.7929166666668
BLUE_Prod_4,BLUE,Guzmán,17,4,2025,2025-04-27,124.4575238095238,742.6,-618.1424761904763
BLUE_Prod_4,BLUE,Guzmán,18,5,2025,2025-05-04,134.60491666666664,633.1142857142856,-498.509369047619
BLUE_Prod_4,BLUE,Guzmán,19,5,2025,2025-05-11,127.85382142857142,0.0,127.85382142857142
BLUE_Prod_4,BLUE,Guzmán,20,5,2025,2025-05-18,151.5575,,
BLUE_Prod_4,BLUE,Guzmán,21,5,2025,2025-05-25,138.87491666666668,,
BLUE_Prod_4,BLUE,Guzmán,22,6,2025,2025-06-01,163.76555952380954,,
BLUE_Prod_4,BLUE,Guzmán,23,6,2025,2025-06-08,158.1537261904762,,
BLUE_Prod_4,BLUE,Guzmán,24,6,2025,2025-06-15,159.4205,,
BLUE_Prod_4,BLUE,Guzmán,25,6,2025,2025-06-22,164.93575,,
BLUE_Prod_4,BLUE,Guzmán,26,6,2025,2025-06-29,159.94307142857144,,
BLUE_Prod_4,BLUE,Guzmán,27,7,2025,2025-07-06,157.27497619047625,,
BLUE_Prod_4,BLUE,Guzmán,28,7,2025,2025-07-13,154.01225,,
BLUE_Prod_4,BLUE,Guzmán,29,7,2025,2025-07-20,143.1825,,
BLUE_Prod_4,BLUE,Guzmán,30,7,2025,2025-07-27,150.49,,
BLUE_Prod_4,BLUE,Guzmán,31,8,2025,2025-08-03,140.57333333333335,,
BLUE_Prod_4,BLUE,Guzmán,32,8,2025,2025-08-10,136.97166666666666,,
BLUE_Prod_4,BLUE,Guzmán,33,8,2025,2025-08-17,137.90599999999998,,
BLUE_Prod_4,BLUE,Guzmán,34,8,2025,2025-08-24,135.2350119047619,,
BLUE_Prod_4,BLUE,Guzmán,35,8,2025,2025-08-31,135.45741666666672,,
BLUE_Prod_4,BLUE,Guzmán,36,9,2025,2025-09-07,133.32466666666667,,
BLUE_Prod_4,BLUE,Guzmán,37,9,2025,2025-09-14,134.57633333333334,,
BLUE_Prod_4,BLUE,Guzmán,38,9,2025,2025-09-21,134.57916666666668,,
BLUE_Prod_4,BLUE,Guzmán,39,9,2025,2025-09-28,125.0275,,
BLUE_Prod_4,BLUE,Guzmán,40,10,2025,2025-10-05,124.94866666666665,,
BLUE_Prod_4,BLUE,Guzmán,41,10,2025,2025-10-12,104.83670833333333,,
BLUE_Prod_4,BLUE,Guzmán,42,10,2025,2025-10-19,111.02316666666667,,
BLUE_Prod_4,BLUE,Guzmán,43,10,2025,2025-10-26,110.48433333333337,,
BLUE_Prod_4,BLUE,Guzmán,44,11,2025,2025-11-02,104.52385714285712,,
BLUE_Prod_4,BLUE,Guzmán,45,11,2025,2025-11-09,99.1215238095238,,
BLUE_Prod_4,BLUE,Guzmán,46,11,2025,2025-11-16,102.95,,
BLUE_Prod_4,BLUE,Guzmán,47,11,2025,2025-11-23,98.99533333333335,,
BLUE_Prod_4,BLUE,Guzmán,48,11,2025,2025-11-30,89.951875,,
BLUE_Prod_4,BLUE,Guzmán,49,12,2025,2025-12-07,96.03572023809524,,
BLUE_Prod_4,BLUE,Guzmán,50,12,2025,2025-12-14,94.19404166666668,,
BLUE_Prod_5,BLUE,Jocotepec,1,1,2025,2025-01-05,76.84916666666668,510.52,-433.6708333333333
BLUE_Prod_5,BLUE,Jocotepec,2,1,2025,2025-01-12,88.5465,475.87142857142857,-387.3249285714286
BLUE_Prod_5,BLUE,Jocotepec,3,1,2025,2025-01-19,84.93458333333332,555.7428571428571,-470.8082738095238
BLUE_Prod_5,BLUE,Jocotepec,4,1,2025,2025-01-26,80.53283333333333,517.3285714285714,-436.7957380952381
BLUE_Prod_5,BLUE,Jocotepec,5,2,2025,2025-02-02,87.72400000000002,574.5428571428572,-486.81885714285715
BLUE_Prod_5,BLUE,Jocotepec,6,2,2025,2025-02-09,88.59533333333334,603.1142857142858,-514.5189523809524
BLUE_Prod_5,BLUE,Jocotepec,7,2,2025,2025-02-16,101.85714285714286,595.9285714285714,-494.07142857142856
BLUE_Prod_5,BLUE,Jocotepec,8,2,2025,2025-02-23,94.585,621.3000000000001,-526.715
BLUE_Prod_5,BLUE,Jocotepec,9,3,2025,2025-03-02,96.07225,642.1285714285714,-546.0563214285714
BLUE_Prod_5,BLUE,Jocotepec,10,3,2025,2025-03-09,92.02833333333332,645.6,-553.5716666666667
BLUE_Prod_5,BLUE,Jocotepec,11,3,2025,2025-03-16,102.415,604.1714285714286,-501.75642857142856
BLUE_Prod_5,BLUE,Jocotepec,12,3,2025,2025-03-23,97.02799999999999,657.2571428571429,-560.2291428571428
BLUE_Prod_5,BLUE,Jocotepec,13,3,2025,2025-03-30,102.135,642.5142857142857,-540.3792857142857
BLUE_Prod_5,BLUE,Jocotepec,14,4,2025,2025-04-06,123.3,657.0,-533.7
BLUE_Prod_5,BLUE,Jocotepec,15,4,2025,2025-04-13,125.475,662.4,-536.925
BLUE_Prod_5,BLUE,Jocotepec,16,4,2025,2025-04-20,133.1416666666667,716.1000000000001,-582.9583333333335
BLUE_Prod_5,BLUE,Jocotepec,17,4,2025,2025-04-27,121.25660714285713,742.6,-621.3433928571429
BLUE_Prod_5,BLUE,Jocotepec,18,5,2025,2025-05-04,131.00708333333333,633.1142857142856,-502.10720238095234
BLUE_Prod_5,BLUE,Jocotepec,19,5,2025,2025-05-11,132.819,0.0,132.819
BLUE_Prod_5,BLUE,Jocotepec,20,5,2025,2025-05-18,135.37833333333333,,
BLUE_Prod_5,BLUE,Jocotepec,21,5,2025,2025-05-25,150.36975,,
BLUE_Prod_5,BLUE,Jocotepec,22,6,2025,2025-06-01,153.57425,,
BLUE_Prod_5,BLUE,Jocotepec,23,6,2025,2025-06-08,148.7325,,
BLUE_Prod_5,BLUE,Jocotepec,24,6,2025,2025-06-15,146.50300000000001,,
BLUE_Prod_5,BLUE,Jocotepec,25,6,2025,2025-06-22,140.3895,,
BLUE_Prod_5,BLUE,Jocotepec,26,6,2025,2025-06-29,135.0525,,
BLUE_Prod_5,BLUE,Jocotepec,27,7,2025,2025-07-06,146.96791666666667,,
BLUE_Prod_5,BLUE,Jocotepec,28,7,2025,2025-07-13,142.74966666666668,,
BLUE_Prod_5,BLUE,Jocotepec,29,7,2025,2025-07-20,148.63,,
BLUE_Prod_5,BLUE,Jocotepec,30,7,2025,2025-07-27,143.85,,
BLUE_Prod_5,BLUE,Jocotepec,31,8,2025,2025-08-03,151.38233333333335,,
BLUE_Prod_5,BLUE,Jocotepec,32,8,2025,2025-08-10,145.33733333333336,,
BLUE_Prod_5,BLUE,Jocotepec,33,8,2025,2025-08-17,135.295,,
BLUE_Prod_5,BLUE,Jocotepec,34,8,2025,2025-08-24,140.57333333333332,,
BLUE_Prod_5,BLUE,Jocotepec,35,8,2025,2025-08-31,145.34791666666666,,
BLUE_Prod_5,BLUE,Jocotepec,36,9,2025,2025-09-07,137.935,,
BLUE_Prod_5,BLUE,Jocotepec,37,9,2025,2025-09-14,128.9,,
BLUE_Prod_5,BLUE,Jocotepec,38,9,2025,2025-09-21,129.49,,
BLUE_Prod_5,BLUE,Jocotepec,39,9,2025,2025-09-28,126.625,,
BLUE_Prod_5,BLUE,Jocotepec,40,10,2025,2025-10-05,125.29799999999997,,
BLUE_Prod_5,BLUE,Jocotepec,41,10,2025,2025-10-12,117.99199999999999,,
BLUE_Prod_5,BLUE,Jocotepec,42,10,2025,2025-10-19,119.49071428571428,,
BLUE_Prod_5,BLUE,Jocotepec,43,10,2025,2025-10-26,119.41333333333334,,
BLUE_Prod_5,BLUE,Jocotepec,44,11,2025,2025-11-02,114.75666666666666,,
BLUE_Prod_5,BLUE,Jocotepec,45,11,2025,2025-11-09,114.03166666666667,,
BLUE_Prod_5,BLUE,Jocotepec,46,11,2025,2025-11-16,107.78,,
BLUE_Prod_5,BLUE,Jocotepec,47,11,2025,2025-11-23,112.67300000000002,,
BLUE_Prod_5,BLUE,Jocotepec,48,11,2025,2025-11-30,95.625,,
BLUE_Prod_5,BLUE,Jocotepec,49,12,2025,2025-12-07,104.42208333333332,,
BLUE_Prod_5,BLUE,Jocotepec,50,12,2025,2025-12-14,96.78916666666667,,
RASP_Prod_1,RASP,Zamora,1,1,2025,2025-01-05,54.17,510.52,-456.34999999999997
RASP_Prod_1,RASP,Zamora,2,1,2025,2025-01-12,54.66466666666667,475.87142857142857,-421.2067619047619
RASP_Prod_1,RASP,Zamora,3,1,2025,2025-01-19,64.63000000000001,555.7428571428571,-491.11285714285714
RASP_Prod_1,RASP,Zamora,4,1,2025,2025-01-26,68.72583333333334,517.3285714285714,-448.60273809523807
RASP_Prod_1,RASP,Zamora,5,2,2025,2025-02-02,67.92875,574.5428571428572,-506.6141071428572
RASP_Prod_1,RASP,Zamora,6,2,2025,2025-02-09,67.5425,603.1142857142858,-535.5717857142857
RASP_Prod_1,RASP,Zamora,7,2,2025,2025-02-16,66.27191666666667,595.9285714285714,-529.6566547619047
RASP_Prod_1,RASP,Zamora,8,2,2025,2025-02-23,72.2425,621.3000000000001,-549.0575000000001
RASP_Prod_1,RASP,Zamora,9,3,2025,2025-03-02,75.34425,642.1285714285714,-566.7843214285714
RASP_Prod_1,RASP,Zamora,10,3,2025,2025-03-09,73.53333333333335,645.6,-572.0666666666667
RASP_Prod_1,RASP,Zamora,11,3,2025,2025-03-16,76.92200000000001,604.1714285714286,-527.2494285714286
RASP_Prod_1,RASP,Zamora,12,3,2025,2025-03-23,74.95916666666668,657.2571428571429,-582.2979761904762
RASP_Prod_1,RASP,Zamora,13,3,2025,2025-03-30,71.1095,642.5142857142857,-571.4047857142857
RASP_Prod_1,RASP,Zamora,14,4,2025,2025-04-06,79.85666666666665,657.0,-577.1433333333333
RASP_Prod_1,RASP,Zamora,15,4,2025,2025-04-13,79.175,662.4,-583.225
RASP_Prod_1,RASP,Zamora,16,4,2025,2025-04-20,82.575,716.1000000000001,-633.5250000000001
RASP_Prod_1,RASP,Zamora,17,4,2025,2025-04-27,86.19833333333334,742.6,-656.4016666666666
RASP_Prod_1,RASP,Zamora,18,5,2025,2025-05-04,92.66142857142857,633.1142857142856,-540.452857142857
RASP_Prod_1,RASP,Zamora,19,5,2025,2025-05-11,89.40083333333332,0.0,89.40083333333332
RASP_Prod_1,RASP,Zamora,20,5,2025,2025-05-18,84.26033333333334,,
RASP_Prod_1,RASP,Zamora,21,5,2025,2025-05-25,92.65166666666669,,
RASP_Prod_1,RASP,Zamora,22,6,2025,2025-06-01,110.103,,
RASP_Prod_1,RASP,Zamora,23,6,2025,2025-06-08,114.963,,
RASP_Prod_1,RASP,Zamora,24,6,2025,2025-06-15,101.015,,
RASP_Prod_1,RASP,Zamora,25,6,2025,2025-06-22,98.275,,
RASP_Prod_1,RASP,Zamora,26,6,2025,2025-06-29,101.00083333333333,,
RASP_Prod_1,RASP,Zamora,27,7,2025,2025-07-06,99.965,,
RASP_Prod_1,RASP,Zamora,28,7,2025,2025-07-13,111.2675,,
RASP_Prod_1,RASP,Zamora,29,7,2025,2025-07-20,113.8075,,
RASP_Prod_1,RASP,Zamora,30,7,2025,2025-07-27,103.155,,
RASP_Prod_1,RASP,Zamora,31,8,2025,2025-08-03,105.60300000000001,,
RASP_Prod_1,RASP,Zamora,32,8,2025,2025-08-10,107.54366666666667,,
RASP_Prod_1,RASP,Zamora,33,8,2025,2025-08-17,101.05767857142857,,
RASP_Prod_1,RASP,Zamora,34,8,2025,2025-08-24,99.59916666666668,,
RASP_Prod_1,RASP,Zamora,35,8,2025,2025-08-31,100.535,,
RASP_Prod_1,RASP,Zamora,36,9,2025,2025-09-07,90.75916666666667,,
RASP_Prod_1,RASP,Zamora,37,9,2025,2025-09-14,79.82666666666667,,
RASP_Prod_1,RASP,Zamora,38,9,2025,2025-09-21,86.34,,
RASP_Prod_1,RASP,Zamora,39,9,2025,2025-09-28,85.07775,,
RASP_Prod_1,RASP,Zamora,40,10,2025,2025-10-05,80.538,,
RASP_Prod_1,RASP,Zamora,41,10,2025,2025-10-12,76.38,,
RASP_Prod_1,RASP,Zamora,42,10,2025,2025-10-19,78.50875,,
RASP_Prod_1,RASP,Zamora,43,10,2025,2025-10-26,86.265,,
RASP_Prod_1,RASP,Zamora,44,11,2025,2025-11-02,72.94583333333333,,
RASP_Prod_1,RASP,Zamora,45,11,2025,2025-11-09,71.315,,
RASP_Prod_1,RASP,Zamora,46,11,2025,2025-11-16,73.465,,
RASP_Prod_1,RASP,Zamora,47,11,2025,2025-11-23,67.27625,,
RASP_Prod_1,RASP,Zamora,48,11,2025,2025-11-30,59.989083333333326,,
RASP_Prod_1,RASP,Zamora,49,12,2025,2025-12-07,63.79333333333334,,
RASP_Prod_1,RASP,Zamora,50,12,2025,2025-12-14,54.73625,,
RASP_Prod_2,RASP,Tangancícuaro,1,1,2025,2025-01-05,56.78,510.52,-453.74
RASP_Prod_2,RASP,Tangancícuaro,2,1,2025,2025-01-12,56.83666666666668,475.87142857142857,-419.03476190476187
RASP_Prod_2,RASP,Tangancícuaro,3,1,2025,2025-01-19,58.8065,555.7428571428571,-496.9363571428571
RASP_Prod_2,RASP,Tangancícuaro,4,1,2025,2025-01-26,57.22375,517.3285714285714,-460.1048214285714
RASP_Prod_2,RASP,Tangancícuaro,5,2,2025,2025-02-02,60.09571428571429,574.5428571428572,-514.4471428571429
RASP_Prod_2,RASP,Tangancícuaro,6,2,2025,2025-02-09,59.26446428571428,603.1142857142858,-543.8498214285714
RASP_Prod_2,RASP,Tangancícuaro,7,2,2025,2025-02-16,70.21166666666667,595.9285714285714,-525.7169047619047
RASP_Prod_2,RASP,Tangancícuaro,8,2,2025,2025-02-23,60.60208333333333,621.3000000000001,-560.6979166666667
RASP_Prod_2,RASP,Tangancícuaro,9,3,2025,2025-03-02,77.985,642.1285714285714,-564.1435714285714
RASP_Prod_2,RASP,Tangancícuaro,10,3,2025,2025-03-09,78.7,645.6,-566.9
RASP_Prod_2,RASP,Tangancícuaro,11,3,2025,2025-03-16,84.485,604.1714285714286,-519.6864285714286
RASP_Prod_2,RASP,Tangancícuaro,12,3,2025,2025-03-23,81.1375,657.2571428571429,-576.1196428571428
RASP_Prod_2,RASP,Tangancícuaro,13,3,2025,2025-03-30,85.17866666666667,642.5142857142857,-557.335619047619
RASP_Prod_2,RASP,Tangancícuaro,14,4,2025,2025-04-06,83.757,657.0,-573.2429999999999
RASP_Prod_2,RASP,Tangancícuaro,15,4,2025,2025-04-13,88.20416666666668,662.4,-574.1958333333333
RASP_Prod_2,RASP,Tangancícuaro,16,4,2025,2025-04-20,95.67458333333332,716.1000000000001,-620.4254166666668
RASP_Prod_2,RASP,Tangancícuaro,17,4,2025,2025-04-27,89.40674999999999,742.6,-653.19325
RASP_Prod_2,RASP,Tangancícuaro,18,5,2025,2025-05-04,89.48042857142856,633.1142857142856,-543.6338571428571
RASP_Prod_2,RASP,Tangancícuaro,19,5,2025,2025-05-11,90.20983333333334,0.0,90.20983333333334
RASP_Prod_2,RASP,Tangancícuaro,20,5,2025,2025-05-18,92.62266666666666,,
RASP_Prod_2,RASP,Tangancícuaro,21,5,2025,2025-05-25,102.22,,
RASP_Prod_2,RASP,Tangancícuaro,22,6,2025,2025-06-01,117.101,,
RASP_Prod_2,RASP,Tangancícuaro,23,6,2025,2025-06-08,113.38666666666668,,
RASP_Prod_2,RASP,Tangancícuaro,24,6,2025,2025-06-15,115.795,,
RASP_Prod_2,RASP,Tangancícuaro,25,6,2025,2025-06-22,126.3,,
RASP_Prod_2,RASP,Tangancícuaro,26,6,2025,2025-06-29,119.28433333333334,,
RASP_Prod_2,RASP,Tangancícuaro,27,7,2025,2025-07-06,109.71,,
RASP_Prod_2,RASP,Tangancícuaro,28,7,2025,2025-07-13,103.6325,,
RASP_Prod_2,RASP,Tangancícuaro,29,7,2025,2025-07-20,103.26183333333334,,
RASP_Prod_2,RASP,Tangancícuaro,30,7,2025,2025-07-27,100.91733333333333,,
RASP_Prod_2,RASP,Tangancícuaro,31,8,2025,2025-08-03,102.67166666666668,,
RASP_Prod_2,RASP,Tangancícuaro,32,8,2025,2025-08-10,103.645,,
RASP_Prod_2,RASP,Tangancícuaro,33,8,2025,2025-08-17,99.62517857142856,,
RASP_Prod_2,RASP,Tangancícuaro,34,8,2025,2025-08-24,97.51625,,
RASP_Prod_2,RASP,Tangancícuaro,35,8,2025,2025-08-31,99.56333333333332,,
RASP_Prod_2,RASP,Tangancícuaro,36,9,2025,2025-09-07,92.35272619047619,,
RASP_Prod_2,RASP,Tangancícuaro,37,9,2025,2025-09-14,83.805,,
RASP_Prod_2,RASP,Tangancícuaro,38,9,2025,2025-09-21,84.81571428571428,,
RASP_Prod_2,RASP,Tangancícuaro,39,9,2025,2025-09-28,79.315,,
RASP_Prod_2,RASP,Tangancícuaro,40,10,2025,2025-10-05,88.28,,
RASP_Prod_2,RASP,Tangancícuaro,41,10,2025,2025-10-12,87.66,,
RASP_Prod_2,RASP,Tangancícuaro,42,10,2025,2025-10-19,82.66,,
RASP_Prod_2,RASP,Tangancícuaro,43,10,2025,2025-10-26,88.36,,
RASP_Prod_2,RASP,Tangancícuaro,44,11,2025,2025-11-02,80.38966666666667,,
RASP_Prod_2,RASP,Tangancícuaro,45,11,2025,2025-11-09,75.465,,
RASP_Prod_2,RASP,Tangancícuaro,46,11,2025,2025-11-16,75.915,,
RASP_Prod_2,RASP,Tangancícuaro,47,11,2025,2025-11-23,72.33941666666665,,
RASP_Prod_2,RASP,Tangancícuaro,48,11,2025,2025-11-30,62.205083333333334,,
RASP_Prod_2,RASP,Tangancícuaro,49,12,2025,2025-12-07,64.62916666666666,,
RASP_Prod_2,RASP,Tangancícuaro,50,12,2025,2025-12-14,64.23339285714286,,
RASP_Prod_3,RASP,Tuxcueca,1,1,2025,2025-01-05,54.76433333333333,510.52,-455.7556666666666
RASP_Prod_3,RASP,Tuxcueca,2,1,2025,2025-01-12,53.941,475.87142857142857,-421.9304285714286
RASP_Prod_3,RASP,Tuxcueca,3,1,2025,2025-01-19,55.60875000000001,555.7428571428571,-500.13410714285715
RASP_Prod_3,RASP,Tuxcueca,4,1,2025,2025-01-26,60.676416666666654,517.3285714285714,-456.65215476190474
RASP_Prod_3,RASP,Tuxcueca,5,2,2025,2025-02-02,64.83851190476192,574.5428571428572,-509.7043452380953
RASP_Prod_3,RASP,Tuxcueca,6,2,2025,2025-02-09,65.31207142857143,603.1142857142858,-537.8022142857143
RASP_Prod_3,RASP,Tuxcueca,7,2,2025,2025-02-16,76.65067857142859,595.9285714285714,-519.2778928571429
RASP_Prod_3,RASP,Tuxcueca,8,2,2025,2025-02-23,71.28717857142858,621.3000000000001,-550.0128214285714
RASP_Prod_3,RASP,Tuxcueca,9,3,2025,2025-03-02,71.92908333333334,642.1285714285714,-570.199488095238
RASP_Prod_3,RASP,Tuxcueca,10,3,2025,2025-03-09,66.17333333333333,645.6,-579.4266666666667
RASP_Prod_3,RASP,Tuxcueca,11,3,2025,2025-03-16,78.33875,604.1714285714286,-525.8326785714286
RASP_Prod_3,RASP,Tuxcueca,12,3,2025,2025-03-23,72.53933333333335,657.2571428571429,-584.7178095238095
RASP_Prod_3,RASP,Tuxcueca,13,3,2025,2025-03-30,76.99933333333333,642.5142857142857,-565.5149523809524
RASP_Prod_3,RASP,Tuxcueca,14,4,2025,2025-04-06,88.04519047619051,657.0,-568.9548095238094
RASP_Prod_3,RASP,Tuxcueca,15,4,2025,2025-04-13,86.60833333333332,662.4,-575.7916666666666
RASP_Prod_3,RASP,Tuxcueca,16,4,2025,2025-04-20,86.03275,716.1000000000001,-630.0672500000002
RASP_Prod_3,RASP,Tuxcueca,17,4,2025,2025-04-27,85.77830555555558,742.6,-656.8216944444445
RASP_Prod_3,RASP,Tuxcueca,18,5,2025,2025-05-04,97.38759523809523,633.1142857142856,-535.7266904761905
RASP_Prod_3,RASP,Tuxcueca,19,5,2025,2025-05-11,91.16541666666666,0.0,91.16541666666666
RASP_Prod_3,RASP,Tuxcueca,20,5,2025,2025-05-18,95.25780952380954,,
RASP_Prod_3,RASP,Tuxcueca,21,5,2025,2025-05-25,101.32433333333334,,
RASP_Prod_3,RASP,Tuxcueca,22,6,2025,2025-06-01,100.2545,,
RASP_Prod_3,RASP,Tuxcueca,23,6,2025,2025-06-08,101.20238095238093,,
RASP_Prod_3,RASP,Tuxcueca,24,6,2025,2025-06-15,112.80233333333334,,
RASP_Prod_3,RASP,Tuxcueca,25,6,2025,2025-06-22,106.82,,
RASP_Prod_3,RASP,Tuxcueca,26,6,2025,2025-06-29,110.6411666666667,,
RASP_Prod_3,RASP,Tuxcueca,27,7,2025,2025-07-06,107.83133333333335,,
RASP_Prod_3,RASP,Tuxcueca,28,7,2025,2025-07-13,105.17066666666668,,
RASP_Prod_3,RASP,Tuxcueca,29,7,2025,2025-07-20,101.00191666666666,,
RASP_Prod_3,RASP,Tuxcueca,30,7,2025,2025-07-27,92.68371428571432,,
RASP_Prod_3,RASP,Tuxcueca,31,8,2025,2025-08-03,100.00000000000001,,
RASP_Prod_3,RASP,Tuxcueca,32,8,2025,2025-08-10,93.73716666666667,,
RASP_Prod_3,RASP,Tuxcueca,33,8,2025,2025-08-17,100.1890238095238,,
RASP_Prod_3,RASP,Tuxcueca,34,8,2025,2025-08-24,95.57124999999995,,
RASP_Prod_3,RASP,Tuxcueca,35,8,2025,2025-08-31,97.21949999999997,,
RASP_Prod_3,RASP,Tuxcueca,36,9,2025,2025-09-07,88.8257261904762,,
RASP_Prod_3,RASP,Tuxcueca,37,9,2025,2025-09-14,79.51124999999999,,
RASP_Prod_3,RASP,Tuxcueca,38,9,2025,2025-09-21,85.28967857142858,,
RASP_Prod_3,RASP,Tuxcueca,39,9,2025,2025-09-28,81.65382142857142,,
RASP_Prod_3,RASP,Tuxcueca,40,10,2025,2025-10-05,83.3625,,
RASP_Prod_3,RASP,Tuxcueca,41,10,2025,2025-10-12,80.86958333333334,,
RASP_Prod_3,RASP,Tuxcueca,42,10,2025,2025-10-19,81.1225,,
RASP_Prod_3,RASP,Tuxcueca,43,10,2025,2025-10-26,82.56808333333335,,
RASP_Prod_3,RASP,Tuxcueca,44,11,2025,2025-11-02,73.42534523809522,,
RASP_Prod_3,RASP,Tuxcueca,45,11,2025,2025-11-09,68.06533333333334,,
RASP_Prod_3,RASP,Tuxcueca,46,11,2025,2025-11-16,68.61583333333334,,
RASP_Prod_3,RASP,Tuxcueca,47,11,2025,2025-11-23,66.62916666666668,,
RASP_Prod_3,RASP,Tuxcueca,48,11,2025,2025-11-30,69.14177380952383,,
RASP_Prod_3,RASP,Tuxcueca,49,12,2025,2025-12-07,62.87416666666666,,
RASP_Prod_3,RASP,Tuxcueca,50,12,2025,2025-12-14,57.21580952380951,,
RASP_Prod_4,RASP,Tuxcueca,1,1,2025,2025-01-05,54.76433333333333,510.52,-455.7556666666666
RASP_Prod_4,RASP,Tuxcueca,2,1,2025,2025-01-12,53.941,475.87142857142857,-421.9304285714286
RASP_Prod_4,RASP,Tuxcueca,3,1,2025,2025-01-19,55.60875000000001,555.7428571428571,-500.13410714285715
RASP_Prod_4,RASP,Tuxcueca,4,1,2025,2025-01-26,60.676416666666654,517.3285714285714,-456.65215476190474
RASP_Prod_4,RASP,Tuxcueca,5,2,2025,2025-02-02,64.83851190476192,574.5428571428572,-509.7043452380953
RASP_Prod_4,RASP,Tuxcueca,6,2,2025,2025-02-09,65.31207142857143,603.1142857142858,-537.8022142857143
RASP_Prod_4,RASP,Tuxcueca,7,2,2025,2025-02-16,76.65067857142859,595.9285714285714,-519.2778928571429
RASP_Prod_4,RASP,Tuxcueca,8,2,2025,2025-02-23,71.28717857142858,621.3000000000001,-550.0128214285714
RASP_Prod_4,RASP,Tuxcueca,9,3,2025,2025-03-02,71.92908333333334,642.1285714285714,-570.199488095238
RASP_Prod_4,RASP,Tuxcueca,10,3,2025,2025-03-09,66.17333333333333,645.6,-579.4266666666667
RASP_Prod_4,RASP,Tuxcueca,11,3,2025,2025-03-16,78.33875,604.1714285714286,-525.8326785714286
RASP_Prod_4,RASP,Tuxcueca,12,3,2025,2025-03-23,72.53933333333335,657.2571428571429,-584.7178095238095
RASP_Prod_4,RASP,Tuxcueca,13,3,2025,2025-03-30,76.99933333333333,642.5142857142857,-565.5149523809524
RASP_Prod_4,RASP,Tuxcueca,14,4,2025,2025-04-06,88.04519047619051,657.0,-568.9548095238094
RASP_Prod_4,RASP,Tuxcueca,15,4,2025,2025-04-13,86.60833333333332,662.4,-575.7916666666666
RASP_Prod_4,RASP,Tuxcueca,16,4,2025,2025-04-20,86.03275,716.1000000000001,-630.0672500000002
RASP_Prod_4,RASP,Tuxcueca,17,4,2025,2025-04-27,85.77830555555558,742.6,-656.8216944444445
RASP_Prod_4,RASP,Tuxcueca,18,5,2025,2025-05-04,97.38759523809523,633.1142857142856,-535.7266904761905
RASP_Prod_4,RASP,Tuxcueca,19,5,2025,2025-05-11,91.16541666666666,0.0,91.16541666666666
RASP_Prod_4,RASP,Tuxcueca,20,5,2025,2025-05-18,95.25780952380954,,
RASP_Prod_4,RASP,Tuxcueca,21,5,2025,2025-05-25,101.32433333333334,,
RASP_Prod_4,RASP,Tuxcueca,22,6,2025,2025-06-01,100.2545,,
RASP_Prod_4,RASP,Tuxcueca,23,6,2025,2025-06-08,101.20238095238093,,
RASP_Prod_4,RASP,Tuxcueca,24,6,2025,2025-06-15,112.80233333333334,,
RASP_Prod_4,RASP,Tuxcueca,25,6,2025,2025-06-22,106.82,,
RASP_Prod_4,RASP,Tuxcueca,26,6,2025,2025-06-29,110.6411666666667,,
RASP_Prod_4,RASP,Tuxcueca,27,7,2025,2025-07-06,107.83133333333335,,
RASP_Prod_4,RASP,Tuxcueca,28,7,2025,2025-07-13,105.17066666666668,,
RASP_Prod_4,RASP,Tuxcueca,29,7,2025,2025-07-20,101.00191666666666,,
RASP_Prod_4,RASP,Tuxcueca,30,7,2025,2025-07-27,92.68371428571432,,
RASP_Prod_4,RASP,Tuxcueca,31,8,2025,2025-08-03,100.00000000000001,,
RASP_Prod_4,RASP,Tuxcueca,32,8,2025,2025-08-10,93.73716666666667,,
RASP_Prod_4,RASP,Tuxcueca,33,8,2025,2025-08-17,100.1890238095238,,
RASP_Prod_4,RASP,Tuxcueca,34,8,2025,2025-08-24,95.57124999999995,,
RASP_Prod_4,RASP,Tuxcueca,35,8,2025,2025-08-31,97.21949999999997,,
RASP_Prod_4,RASP,Tuxcueca,36,9,2025,2025-09-07,88.8257261904762,,
RASP_Prod_4,RASP,Tuxcueca,37,9,2025,2025-09-14,79.51124999999999,,
RASP_Prod_4,RASP,Tuxcueca,38,9,2025,2025-09-21,85.28967857142858,,
RASP_Prod_4,RASP,Tuxcueca,39,9,2025,2025-09-28,81.65382142857142,,
RASP_Prod_4,RASP,Tuxcueca,40,10,2025,2025-10-05,83.3625,,
RASP_Prod_4,RASP,Tuxcueca,41,10,2025,2025-10-12,80.86958333333334,,
RASP_Prod_4,RASP,Tuxcueca,42,10,2025,2025-10-19,81.1225,,
RASP_Prod_4,RASP,Tuxcueca,43,10,2025,2025-10-26,82.56808333333335,,
RASP_Prod_4,RASP,Tuxcueca,44,11,2025,2025-11-02,73.42534523809522,,
RASP_Prod_4,RASP,Tuxcueca,45,11,2025,2025-11-09,68.06533333333334,,
RASP_Prod_4,RASP,Tuxcueca,46,11,2025,2025-11-16,68.61583333333334,,
RASP_Prod_4,RASP,Tuxcueca,47,11,2025,2025-11-23,66.62916666666668,,
RASP_Prod_4,RASP,Tuxcueca,48,11,2025,2025-11-30,69.14177380952383,,
RASP_Prod_4,RASP,Tuxcueca,49,12,2025,2025-12-07,62.87416666666666,,
RASP_Prod_4,RASP,Tuxcueca,50,12,2025,2025-12-14,57.21580952380951,,
RASP_Prod_5,RASP,Jocotepec,1,1,2025,2025-01-05,56.286,510.52,-454.234
RASP_Prod_5,RASP,Jocotepec,2,1,2025,2025-01-12,55.53066666666667,475.87142857142857,-420.3407619047619
RASP_Prod_5,RASP,Jocotepec,3,1,2025,2025-01-19,58.34733333333334,555.7428571428571,-497.3955238095238
RASP_Prod_5,RASP,Jocotepec,4,1,2025,2025-01-26,61.91125,517.3285714285714,-455.4173214285714
RASP_Prod_5,RASP,Jocotepec,5,2,2025,2025-02-02,71.31035714285714,574.5428571428572,-503.2325000000001
RASP_Prod_5,RASP,Jocotepec,6,2,2025,2025-02-09,76.05910714285714,603.1142857142858,-527.0551785714287
RASP_Prod_5,RASP,Jocotepec,7,2,2025,2025-02-16,72.21516666666668,595.9285714285714,-523.7134047619047
RASP_Prod_5,RASP,Jocotepec,8,2,2025,2025-02-23,63.23,621.3000000000001,-558.07
RASP_Prod_5,RASP,Jocotepec,9,3,2025,2025-03-02,76.40050000000001,642.1285714285714,-565.7280714285714
RASP_Prod_5,RASP,Jocotepec,10,3,2025,2025-03-09,77.245,645.6,-568.355
RASP_Prod_5,RASP,Jocotepec,11,3,2025,2025-03-16,79.1085,604.1714285714286,-525.0629285714285
RASP_Prod_5,RASP,Jocotepec,12,3,2025,2025-03-23,80.82808333333334,657.2571428571429,-576.4290595238095
RASP_Prod_5,RASP,Jocotepec,13,3,2025,2025-03-30,78.9425,642.5142857142857,-563.5717857142857
RASP_Prod_5,RASP,Jocotepec,14,4,2025,2025-04-06,79.22800000000001,657.0,-577.7719999999999
RASP_Prod_5,RASP,Jocotepec,15,4,2025,2025-04-13,86.1775,662.4,-576.2225
RASP_Prod_5,RASP,Jocotepec,16,4,2025,2025-04-20,94.57358333333333,716.1000000000001,-621.5264166666668
RASP_Prod_5,RASP,Jocotepec,17,4,2025,2025-04-27,87.11516666666667,742.6,-655.4848333333333
RASP_Prod_5,RASP,Jocotepec,18,5,2025,2025-05-04,103.03458333333334,633.1142857142856,-530.0797023809523
RASP_Prod_5,RASP,Jocotepec,19,5,2025,2025-05-11,105.22316666666667,0.0,105.22316666666667
RASP_Prod_5,RASP,Jocotepec,20,5,2025,2025-05-18,101.245,,
RASP_Prod_5,RASP,Jocotepec,21,5,2025,2025-05-25,95.14,,
RASP_Prod_5,RASP,Jocotepec,22,6,2025,2025-06-01,107.26733333333334,,
RASP_Prod_5,RASP,Jocotepec,23,6,2025,2025-06-08,107.95233333333334,,
RASP_Prod_5,RASP,Jocotepec,24,6,2025,2025-06-15,108.66166666666668,,
RASP_Prod_5,RASP,Jocotepec,25,6,2025,2025-06-22,106.73,,
RASP_Prod_5,RASP,Jocotepec,26,6,2025,2025-06-29,107.5205,,
RASP_Prod_5,RASP,Jocotepec,27,7,2025,2025-07-06,100.69916666666666,,
RASP_Prod_5,RASP,Jocotepec,28,7,2025,2025-07-13,104.73,,
RASP_Prod_5,RASP,Jocotepec,29,7,2025,2025-07-20,104.525,,
RASP_Prod_5,RASP,Jocotepec,30,7,2025,2025-07-27,100.51899999999999,,
RASP_Prod_5,RASP,Jocotepec,31,8,2025,2025-08-03,95.72916666666666,,
RASP_Prod_5,RASP,Jocotepec,32,8,2025,2025-08-10,95.6025,,
RASP_Prod_5,RASP,Jocotepec,33,8,2025,2025-08-17,101.04025,,
RASP_Prod_5,RASP,Jocotepec,34,8,2025,2025-08-24,99.88625,,
RASP_Prod_5,RASP,Jocotepec,35,8,2025,2025-08-31,103.66791666666666,,
RASP_Prod_5,RASP,Jocotepec,36,9,2025,2025-09-07,87.52533333333332,,
RASP_Prod_5,RASP,Jocotepec,37,9,2025,2025-09-14,85.87333333333332,,
RASP_Prod_5,RASP,Jocotepec,38,9,2025,2025-09-21,83.76142857142857,,
RASP_Prod_5,RASP,Jocotepec,39,9,2025,2025-09-28,73.97875,,
RASP_Prod_5,RASP,Jocotepec,40,10,2025,2025-10-05,75.015,,
RASP_Prod_5,RASP,Jocotepec,41,10,2025,2025-10-12,72.42,,
RASP_Prod_5,RASP,Jocotepec,42,10,2025,2025-10-19,73.10325,,
RASP_Prod_5,RASP,Jocotepec,43,10,2025,2025-10-26,76.48100000000001,,
RASP_Prod_5,RASP,Jocotepec,44,11,2025,2025-11-02,79.425,,
RASP_Prod_5,RASP,Jocotepec,45,11,2025,2025-11-09,70.06,,
RASP_Prod_5,RASP,Jocotepec,46,11,2025,2025-11-16,70.85,,
RASP_Prod_5,RASP,Jocotepec,47,11,2025,2025-11-23,76.10533333333333,,
RASP_Prod_5,RASP,Jocotepec,48,11,2025,2025-11-30,71.387,,
RASP_Prod_5,RASP,Jocotepec,49,12,2025,2025-12-07,73.54333333333334,,
RASP_Prod_5,RASP,Jocotepec,50,12,2025,2025-12-14,69.54,,
STRAW_Prod_1,STRAW,Guzmán,1,1,2025,2025-01-05,43.325,510.52,-467.195
STRAW_Prod_1,STRAW,Guzmán,2,1,2025,2025-01-12,43.291124999999994,475.87142857142857,-432.58030357142854
STRAW_Prod_1,STRAW,Guzmán,3,1,2025,2025-01-19,43.845,555.7428571428571,-511.8978571428571
STRAW_Prod_1,STRAW,Guzmán,4,1,2025,2025-01-26,47.5075,517.3285714285714,-469.82107142857143
STRAW_Prod_1,STRAW,Guzmán,5,2,2025,2025-02-02,49.53333333333334,574.5428571428572,-525.0095238095239
STRAW_Prod_1,STRAW,Guzmán,6,2,2025,2025-02-09,49.33833333333334,603.1142857142858,-553.7759523809524
STRAW_Prod_1,STRAW,Guzmán,7,2,2025,2025-02-16,54.99333333333333,595.9285714285714,-540.9352380952381
STRAW_Prod_1,STRAW,Guzmán,8,2,2025,2025-02-23,60.01416666666667,621.3000000000001,-561.2858333333334
STRAW_Prod_1,STRAW,Guzmán,9,3,2025,2025-03-02,57.84,642.1285714285714,-584.2885714285713
STRAW_Prod_1,STRAW,Guzmán,10,3,2025,2025-03-09,55.495,645.6,-590.105
STRAW_Prod_1,STRAW,Guzmán,11,3,2025,2025-03-16,58.261916666666664,604.1714285714286,-545.9095119047619
STRAW_Prod_1,STRAW,Guzmán,12,3,2025,2025-03-23,60.918,657.2571428571429,-596.3391428571429
STRAW_Prod_1,STRAW,Guzmán,13,3,2025,2025-03-30,63.24875,642.5142857142857,-579.2655357142858
STRAW_Prod_1,STRAW,Guzmán,14,4,2025,2025-04-06,68.25241666666666,657.0,-588.7475833333333
STRAW_Prod_1,STRAW,Guzmán,15,4,2025,2025-04-13,72.44166666666666,662.4,-589.9583333333333
STRAW_Prod_1,STRAW,Guzmán,16,4,2025,2025-04-20,67.93625,716.1000000000001,-648.1637500000002
STRAW_Prod_1,STRAW,Guzmán,17,4,2025,2025-04-27,68.22333333333333,742.6,-674.3766666666667
STRAW_Prod_1,STRAW,Guzmán,18,5,2025,2025-05-04,74.78441666666667,633.1142857142856,-558.329869047619
STRAW_Prod_1,STRAW,Guzmán,19,5,2025,2025-05-11,77.0265,0.0,77.0265
STRAW_Prod_1,STRAW,Guzmán,20,5,2025,2025-05-18,76.829,,
STRAW_Prod_1,STRAW,Guzmán,21,5,2025,2025-05-25,78.55458333333334,,
STRAW_Prod_1,STRAW,Guzmán,22,6,2025,2025-06-01,76.42166666666667,,
STRAW_Prod_1,STRAW,Guzmán,23,6,2025,2025-06-08,77.79383333333334,,
STRAW_Prod_1,STRAW,Guzmán,24,6,2025,2025-06-15,88.915,,
STRAW_Prod_1,STRAW,Guzmán,25,6,2025,2025-06-22,84.79,,
STRAW_Prod_1,STRAW,Guzmán,26,6,2025,2025-06-29,84.11666666666667,,
STRAW_Prod_1,STRAW,Guzmán,27,7,2025,2025-07-06,76.75833333333334,,
STRAW_Prod_1,STRAW,Guzmán,28,7,2025,2025-07-13,78.969,,
STRAW_Prod_1,STRAW,Guzmán,29,7,2025,2025-07-20,81.00666666666666,,
STRAW_Prod_1,STRAW,Guzmán,30,7,2025,2025-07-27,87.905,,
STRAW_Prod_1,STRAW,Guzmán,31,8,2025,2025-08-03,74.44875,,
STRAW_Prod_1,STRAW,Guzmán,32,8,2025,2025-08-10,65.325,,
STRAW_Prod_1,STRAW,Guzmán,33,8,2025,2025-08-17,74.75666666666667,,
STRAW_Prod_1,STRAW,Guzmán,34,8,2025,2025-08-24,79.6125,,
STRAW_Prod_1,STRAW,Guzmán,35,8,2025,2025-08-31,64.04341666666666,,
STRAW_Prod_1,STRAW,Guzmán,36,9,2025,2025-09-07,70.68716666666667,,
STRAW_Prod_1,STRAW,Guzmán,37,9,2025,2025-09-14,65.5185,,
STRAW_Prod_1,STRAW,Guzmán,38,9,2025,2025-09-21,70.7325,,
STRAW_Prod_1,STRAW,Guzmán,39,9,2025,2025-09-28,68.58541666666666,,
STRAW_Prod_1,STRAW,Guzmán,40,10,2025,2025-10-05,61.81291666666666,,
STRAW_Prod_1,STRAW,Guzmán,41,10,2025,2025-10-12,61.42,,
STRAW_Prod_1,STRAW,Guzmán,42,10,2025,2025-10-19,59.8425,,
STRAW_Prod_1,STRAW,Guzmán,43,10,2025,2025-10-26,55.28955555555555,,
STRAW_Prod_1,STRAW,Guzmán,44,11,2025,2025-11-02,55.12291666666667,,
STRAW_Prod_1,STRAW,Guzmán,45,11,2025,2025-11-09,54.45,,
STRAW_Prod_1,STRAW,Guzmán,46,11,2025,2025-11-16,58.62124999999999,,
STRAW_Prod_1,STRAW,Guzmán,47,11,2025,2025-11-23,52.74,,
STRAW_Prod_1,STRAW,Guzmán,48,11,2025,2025-11-30,51.1625,,
STRAW_Prod_1,STRAW,Guzmán,49,12,2025,2025-12-07,49.66375,,
STRAW_Prod_1,STRAW,Guzmán,50,12,2025,2025-12-14,48.49,,
STRAW_Prod_2,STRAW,Zamora,1,1,2025,2025-01-05,41.190416666666664,510.52,-469.3295833333333
STRAW_Prod_2,STRAW,Zamora,2,1,2025,2025-01-12,39.318375,475.87142857142857,-436.55305357142856
STRAW_Prod_2,STRAW,Zamora,3,1,2025,2025-01-19,44.779916666666665,555.7428571428571,-510.96294047619045
STRAW_Prod_2,STRAW,Zamora,4,1,2025,2025-01-26,50.493249999999996,517.3285714285714,-466.83532142857143
STRAW_Prod_2,STRAW,Zamora,5,2,2025,2025-02-02,49.87125000000001,574.5428571428572,-524.6716071428572
STRAW_Prod_2,STRAW,Zamora,6,2,2025,2025-02-09,49.09875000000001,603.1142857142858,-554.0155357142858
STRAW_Prod_2,STRAW,Zamora,7,2,2025,2025-02-16,53.91038690476191,595.9285714285714,-542.0181845238095
STRAW_Prod_2,STRAW,Zamora,8,2,2025,2025-02-23,55.73829761904761,621.3000000000001,-565.5617023809525
STRAW_Prod_2,STRAW,Zamora,9,3,2025,2025-03-02,55.804142857142864,642.1285714285714,-586.3244285714285
STRAW_Prod_2,STRAW,Zamora,10,3,2025,2025-03-09,57.43414285714286,645.6,-588.1658571428571
STRAW_Prod_2,STRAW,Zamora,11,3,2025,2025-03-16,54.786767857142856,604.1714285714286,-549.3846607142857
STRAW_Prod_2,STRAW,Zamora,12,3,2025,2025-03-23,58.922,657.2571428571429,-598.3351428571428
STRAW_Prod_2,STRAW,Zamora,13,3,2025,2025-03-30,63.87325,642.5142857142857,-578.6410357142857
STRAW_Prod_2,STRAW,Zamora,14,4,2025,2025-04-06,68.16015476190476,657.0,-588.8398452380952
STRAW_Prod_2,STRAW,Zamora,15,4,2025,2025-04-13,73.17525,662.4,-589.22475
STRAW_Prod_2,STRAW,Zamora,16,4,2025,2025-04-20,68.3175,716.1000000000001,-647.7825000000001
STRAW_Prod_2,STRAW,Zamora,17,4,2025,2025-04-27,67.82708333333333,742.6,-674.7729166666667
STRAW_Prod_2,STRAW,Zamora,18,5,2025,2025-05-04,69.82225000000001,633.1142857142856,-563.2920357142856
STRAW_Prod_2,STRAW,Zamora,19,5,2025,2025-05-11,72.08149999999999,0.0,72.08149999999999
STRAW_Prod_2,STRAW,Zamora,20,5,2025,2025-05-18,80.95785714285714,,
STRAW_Prod_2,STRAW,Zamora,21,5,2025,2025-05-25,79.72425000000001,,
STRAW_Prod_2,STRAW,Zamora,22,6,2025,2025-06-01,78.55792857142858,,
STRAW_Prod_2,STRAW,Zamora,23,6,2025,2025-06-08,81.61475000000002,,
STRAW_Prod_2,STRAW,Zamora,24,6,2025,2025-06-15,88.195,,
STRAW_Prod_2,STRAW,Zamora,25,6,2025,2025-06-22,87.17833333333333,,
STRAW_Prod_2,STRAW,Zamora,26,6,2025,2025-06-29,90.1585,,
STRAW_Prod_2,STRAW,Zamora,27,7,2025,2025-07-06,79.72433333333332,,
STRAW_Prod_2,STRAW,Zamora,28,7,2025,2025-07-13,76.40599999999999,,
STRAW_Prod_2,STRAW,Zamora,29,7,2025,2025-07-20,75.48949999999999,,
STRAW_Prod_2,STRAW,Zamora,30,7,2025,2025-07-27,69.20916666666666,,
STRAW_Prod_2,STRAW,Zamora,31,8,2025,2025-08-03,77.38358333333335,,
STRAW_Prod_2,STRAW,Zamora,32,8,2025,2025-08-10,77.11291666666666,,
STRAW_Prod_2,STRAW,Zamora,33,8,2025,2025-08-17,67.48708333333335,,
STRAW_Prod_2,STRAW,Zamora,34,8,2025,2025-08-24,74.809375,,
STRAW_Prod_2,STRAW,Zamora,35,8,2025,2025-08-31,65.06539285714285,,
STRAW_Prod_2,STRAW,Zamora,36,9,2025,2025-09-07,73.86091666666668,,
STRAW_Prod_2,STRAW,Zamora,37,9,2025,2025-09-14,66.59899999999999,,
STRAW_Prod_2,STRAW,Zamora,38,9,2025,2025-09-21,68.05916666666667,,
STRAW_Prod_2,STRAW,Zamora,39,9,2025,2025-09-28,68.01158333333333,,
STRAW_Prod_2,STRAW,Zamora,40,10,2025,2025-10-05,65.28466666666664,,
STRAW_Prod_2,STRAW,Zamora,41,10,2025,2025-10-12,66.66708333333334,,
STRAW_Prod_2,STRAW,Zamora,42,10,2025,2025-10-19,59.56708333333333,,
STRAW_Prod_2,STRAW,Zamora,43,10,2025,2025-10-26,56.17380555555556,,
STRAW_Prod_2,STRAW,Zamora,44,11,2025,2025-11-02,56.71708333333334,,
STRAW_Prod_2,STRAW,Zamora,45,11,2025,2025-11-09,57.14958333333333,,
STRAW_Prod_2,STRAW,Zamora,46,11,2025,2025-11-16,56.50728571428571,,
STRAW_Prod_2,STRAW,Zamora,47,11,2025,2025-11-23,52.04095238095238,,
STRAW_Prod_2,STRAW,Zamora,48,11,2025,2025-11-30,45.27758333333334,,
STRAW_Prod_2,STRAW,Zamora,49,12,2025,2025-12-07,46.77889285714284,,
STRAW_Prod_2,STRAW,Zamora,50,12,2025,2025-12-14,45.37833333333334,,
STRAW_Prod_3,STRAW,Tangancícuaro,1,1,2025,2025-01-05,43.0475,510.52,-467.47249999999997
STRAW_Prod_3,STRAW,Tangancícuaro,2,1,2025,2025-01-12,44.07729166666666,475.87142857142857,-431.7941369047619
STRAW_Prod_3,STRAW,Tangancícuaro,3,1,2025,2025-01-19,38.235,555.7428571428571,-517.5078571428571
STRAW_Prod_3,STRAW,Tangancícuaro,4,1,2025,2025-01-26,48.4075,517.3285714285714,-468.9210714285714
STRAW_Prod_3,STRAW,Tangancícuaro,5,2,2025,2025-02-02,46.58,574.5428571428572,-527.9628571428572
STRAW_Prod_3,STRAW,Tangancícuaro,6,2,2025,2025-02-09,45.95,603.1142857142858,-557.1642857142857
STRAW_Prod_3,STRAW,Tangancícuaro,7,2,2025,2025-02-16,52.88458333333333,595.9285714285714,-543.0439880952381
STRAW_Prod_3,STRAW,Tangancícuaro,8,2,2025,2025-02-23,60.135,621.3000000000001,-561.1650000000001
STRAW_Prod_3,STRAW,Tangancícuaro,9,3,2025,2025-03-02,60.485,642.1285714285714,-581.6435714285714
STRAW_Prod_3,STRAW,Tangancícuaro,10,3,2025,2025-03-09,62.8,645.6,-582.8000000000001
STRAW_Prod_3,STRAW,Tangancícuaro,11,3,2025,2025-03-16,65.7945,604.1714285714286,-538.3769285714286
STRAW_Prod_3,STRAW,Tangancícuaro,12,3,2025,2025-03-23,66.845,657.2571428571429,-590.4121428571428
STRAW_Prod_3,STRAW,Tangancícuaro,13,3,2025,2025-03-30,70.675,642.5142857142857,-571.8392857142858
STRAW_Prod_3,STRAW,Tangancícuaro,14,4,2025,2025-04-06,69.5415,657.0,-587.4585
STRAW_Prod_3,STRAW,Tangancícuaro,15,4,2025,2025-04-13,66.185,662.4,-596.2149999999999
STRAW_Prod_3,STRAW,Tangancícuaro,16,4,2025,2025-04-20,61.78,716.1000000000001,-654.3200000000002
STRAW_Prod_3,STRAW,Tangancícuaro,17,4,2025,2025-04-27,63.47458333333333,742.6,-679.1254166666668
STRAW_Prod_3,STRAW,Tangancícuaro,18,5,2025,2025-05-04,77.19475000000001,633.1142857142856,-555.9195357142856
STRAW_Prod_3,STRAW,Tangancícuaro,19,5,2025,2025-05-11,83.26225000000001,0.0,83.26225000000001
STRAW_Prod_3,STRAW,Tangancícuaro,20,5,2025,2025-05-18,77.82,,
STRAW_Prod_3,STRAW,Tangancícuaro,21,5,2025,2025-05-25,78.5,,
STRAW_Prod_3,STRAW,Tangancícuaro,22,6,2025,2025-06-01,80.43666666666667,,
STRAW_Prod_3,STRAW,Tangancícuaro,23,6,2025,2025-06-08,81.14716666666668,,
STRAW_Prod_3,STRAW,Tangancícuaro,24,6,2025,2025-06-15,90.59,,
STRAW_Prod_3,STRAW,Tangancícuaro,25,6,2025,2025-06-22,81.86,,
STRAW_Prod_3,STRAW,Tangancícuaro,26,6,2025,2025-06-29,85.01,,
STRAW_Prod_3,STRAW,Tangancícuaro,27,7,2025,2025-07-06,75.275,,
STRAW_Prod_3,STRAW,Tangancícuaro,28,7,2025,2025-07-13,72.99999999999999,,
STRAW_Prod_3,STRAW,Tangancícuaro,29,7,2025,2025-07-20,74.445,,
STRAW_Prod_3,STRAW,Tangancícuaro,30,7,2025,2025-07-27,79.59166666666665,,
STRAW_Prod_3,STRAW,Tangancícuaro,31,8,2025,2025-08-03,72.14,,
STRAW_Prod_3,STRAW,Tangancícuaro,32,8,2025,2025-08-10,68.255,,
STRAW_Prod_3,STRAW,Tangancícuaro,33,8,2025,2025-08-17,72.42916666666667,,
STRAW_Prod_3,STRAW,Tangancícuaro,34,8,2025,2025-08-24,73.16642857142857,,
STRAW_Prod_3,STRAW,Tangancícuaro,35,8,2025,2025-08-31,66.84841666666667,,
STRAW_Prod_3,STRAW,Tangancícuaro,36,9,2025,2025-09-07,73.031,,
STRAW_Prod_3,STRAW,Tangancícuaro,37,9,2025,2025-09-14,66.6135,,
STRAW_Prod_3,STRAW,Tangancícuaro,38,9,2025,2025-09-21,61.545,,
STRAW_Prod_3,STRAW,Tangancícuaro,39,9,2025,2025-09-28,62.48,,
STRAW_Prod_3,STRAW,Tangancícuaro,40,10,2025,2025-10-05,64.14,,
STRAW_Prod_3,STRAW,Tangancícuaro,41,10,2025,2025-10-12,64.635,,
STRAW_Prod_3,STRAW,Tangancícuaro,42,10,2025,2025-10-19,64.725,,
STRAW_Prod_3,STRAW,Tangancícuaro,43,10,2025,2025-10-26,52.44383333333333,,
STRAW_Prod_3,STRAW,Tangancícuaro,44,11,2025,2025-11-02,56.02708333333334,,
STRAW_Prod_3,STRAW,Tangancícuaro,45,11,2025,2025-11-09,55.67666666666667,,
STRAW_Prod_3,STRAW,Tangancícuaro,46,11,2025,2025-11-16,58.17999999999999,,
STRAW_Prod_3,STRAW,Tangancícuaro,47,11,2025,2025-11-23,53.305,,
STRAW_Prod_3,STRAW,Tangancícuaro,48,11,2025,2025-11-30,48.92,,
STRAW_Prod_3,STRAW,Tangancícuaro,49,12,2025,2025-12-07,48.78566666666666,,
STRAW_Prod_3,STRAW,Tangancícuaro,50,12,2025,2025-12-14,47.04,,
STRAW_Prod_4,STRAW,Tuxcueca,1,1,2025,2025-01-05,38.34,510.52,-472.17999999999995
STRAW_Prod_4,STRAW,Tuxcueca,2,1,2025,2025-01-12,36.695166666666665,475.87142857142857,-439.1762619047619
STRAW_Prod_4,STRAW,Tuxcueca,3,1,2025,2025-01-19,41.71,555.7428571428571,-514.0328571428571
STRAW_Prod_4,STRAW,Tuxcueca,4,1,2025,2025-01-26,48.6225,517.3285714285714,-468.7060714285714
STRAW_Prod_4,STRAW,Tuxcueca,5,2,2025,2025-02-02,49.96833333333334,574.5428571428572,-524.5745238095238
STRAW_Prod_4,STRAW,Tuxcueca,6,2,2025,2025-02-09,50.31833333333334,603.1142857142858,-552.7959523809524
STRAW_Prod_4,STRAW,Tuxcueca,7,2,2025,2025-02-16,57.75625,595.9285714285714,-538.1723214285714
STRAW_Prod_4,STRAW,Tuxcueca,8,2,2025,2025-02-23,64.525,621.3000000000001,-556.7750000000001
STRAW_Prod_4,STRAW,Tuxcueca,9,3,2025,2025-03-02,57.6,642.1285714285714,-584.5285714285714
STRAW_Prod_4,STRAW,Tuxcueca,10,3,2025,2025-03-09,54.3,645.6,-591.3000000000001
STRAW_Prod_4,STRAW,Tuxcueca,11,3,2025,2025-03-16,57.09875,604.1714285714286,-547.0726785714286
STRAW_Prod_4,STRAW,Tuxcueca,12,3,2025,2025-03-23,61.253,657.2571428571429,-596.0041428571428
STRAW_Prod_4,STRAW,Tuxcueca,13,3,2025,2025-03-30,56.13,642.5142857142857,-586.3842857142857
STRAW_Prod_4,STRAW,Tuxcueca,14,4,2025,2025-04-06,66.7145,657.0,-590.2855
STRAW_Prod_4,STRAW,Tuxcueca,15,4,2025,2025-04-13,70.65916666666666,662.4,-591.7408333333333
STRAW_Prod_4,STRAW,Tuxcueca,16,4,2025,2025-04-20,75.03,716.1000000000001,-641.0700000000002
STRAW_Prod_4,STRAW,Tuxcueca,17,4,2025,2025-04-27,76.0975,742.6,-666.5025
STRAW_Prod_4,STRAW,Tuxcueca,18,5,2025,2025-05-04,79.03666666666668,633.1142857142856,-554.077619047619
STRAW_Prod_4,STRAW,Tuxcueca,19,5,2025,2025-05-11,83.7025,0.0,83.7025
STRAW_Prod_4,STRAW,Tuxcueca,20,5,2025,2025-05-18,87.2015,,
STRAW_Prod_4,STRAW,Tuxcueca,21,5,2025,2025-05-25,80.0,,
STRAW_Prod_4,STRAW,Tuxcueca,22,6,2025,2025-06-01,79.27916666666667,,
STRAW_Prod_4,STRAW,Tuxcueca,23,6,2025,2025-06-08,78.86333333333334,,
STRAW_Prod_4,STRAW,Tuxcueca,24,6,2025,2025-06-15,85.115,,
STRAW_Prod_4,STRAW,Tuxcueca,25,6,2025,2025-06-22,80.945,,
STRAW_Prod_4,STRAW,Tuxcueca,26,6,2025,2025-06-29,81.06,,
STRAW_Prod_4,STRAW,Tuxcueca,27,7,2025,2025-07-06,74.945,,
STRAW_Prod_4,STRAW,Tuxcueca,28,7,2025,2025-07-13,79.25,,
STRAW_Prod_4,STRAW,Tuxcueca,29,7,2025,2025-07-20,77.245,,
STRAW_Prod_4,STRAW,Tuxcueca,30,7,2025,2025-07-27,83.86833333333333,,
STRAW_Prod_4,STRAW,Tuxcueca,31,8,2025,2025-08-03,69.7525,,
STRAW_Prod_4,STRAW,Tuxcueca,32,8,2025,2025-08-10,62.415,,
STRAW_Prod_4,STRAW,Tuxcueca,33,8,2025,2025-08-17,73.17875,,
STRAW_Prod_4,STRAW,Tuxcueca,34,8,2025,2025-08-24,73.45392857142856,,
STRAW_Prod_4,STRAW,Tuxcueca,35,8,2025,2025-08-31,68.60091666666668,,
STRAW_Prod_4,STRAW,Tuxcueca,36,9,2025,2025-09-07,71.018,,
STRAW_Prod_4,STRAW,Tuxcueca,37,9,2025,2025-09-14,62.475,,
STRAW_Prod_4,STRAW,Tuxcueca,38,9,2025,2025-09-21,70.72,,
STRAW_Prod_4,STRAW,Tuxcueca,39,9,2025,2025-09-28,75.58833333333332,,
STRAW_Prod_4,STRAW,Tuxcueca,40,10,2025,2025-10-05,58.3,,
STRAW_Prod_4,STRAW,Tuxcueca,41,10,2025,2025-10-12,59.025,,
STRAW_Prod_4,STRAW,Tuxcueca,42,10,2025,2025-10-19,56.8275,,
STRAW_Prod_4,STRAW,Tuxcueca,43,10,2025,2025-10-26,57.3443888888889,,
STRAW_Prod_4,STRAW,Tuxcueca,44,11,2025,2025-11-02,57.42416666666667,,
STRAW_Prod_4,STRAW,Tuxcueca,45,11,2025,2025-11-09,57.54166666666667,,
STRAW_Prod_4,STRAW,Tuxcueca,46,11,2025,2025-11-16,58.565,,
STRAW_Prod_4,STRAW,Tuxcueca,47,11,2025,2025-11-23,54.65,,
STRAW_Prod_4,STRAW,Tuxcueca,48,11,2025,2025-11-30,49.285,,
STRAW_Prod_4,STRAW,Tuxcueca,49,12,2025,2025-12-07,46.809333333333335,,
STRAW_Prod_4,STRAW,Tuxcueca,50,12,2025,2025-12-14,51.19,,
STRAW_Prod_5,STRAW,Zamora,1,1,2025,2025-01-05,41.190416666666664,510.52,-469.3295833333333
STRAW_Prod_5,STRAW,Zamora,2,1,2025,2025-01-12,39.318375,475.87142857142857,-436.55305357142856
STRAW_Prod_5,STRAW,Zamora,3,1,2025,2025-01-19,44.779916666666665,555.7428571428571,-510.96294047619045
STRAW_Prod_5,STRAW,Zamora,4,1,2025,2025-01-26,50.493249999999996,517.3285714285714,-466.83532142857143
STRAW_Prod_5,STRAW,Zamora,5,2,2025,2025-02-02,49.87125000000001,574.5428571428572,-524.6716071428572
STRAW_Prod_5,STRAW,Zamora,6,2,2025,2025-02-09,49.09875000000001,603.1142857142858,-554.0155357142858
STRAW_Prod_5,STRAW,Zamora,7,2,2025,2025-02-16,53.91038690476191,595.9285714285714,-542.0181845238095
STRAW_Prod_5,STRAW,Zamora,8,2,2025,2025-02-23,55.73829761904761,621.3000000000001,-565.5617023809525
STRAW_Prod_5,STRAW,Zamora,9,3,2025,2025-03-02,55.804142857142864,642.1285714285714,-586.3244285714285
STRAW_Prod_5,STRAW,Zamora,10,3,2025,2025-03-09,57.43414285714286,645.6,-588.1658571428571
STRAW_Prod_5,STRAW,Zamora,11,3,2025,2025-03-16,54.786767857142856,604.1714285714286,-549.3846607142857
STRAW_Prod_5,STRAW,Zamora,12,3,2025,2025-03-23,58.922,657.2571428571429,-598.3351428571428
STRAW_Prod_5,STRAW,Zamora,13,3,2025,2025-03-30,63.87325,642.5142857142857,-578.6410357142857
STRAW_Prod_5,STRAW,Zamora,14,4,2025,2025-04-06,68.16015476190476,657.0,-588.8398452380952
STRAW_Prod_5,STRAW,Zamora,15,4,2025,2025-04-13,73.17525,662.4,-589.22475
STRAW_Prod_5,STRAW,Zamora,16,4,2025,2025-04-20,68.3175,716.1000000000001,-647.7825000000001
STRAW_Prod_5,STRAW,Zamora,17,4,2025,2025-04-27,67.82708333333333,742.6,-674.7729166666667
STRAW_Prod_5,STRAW,Zamora,18,5,2025,2025-05-04,69.82225000000001,633.1142857142856,-563.2920357142856
STRAW_Prod_5,STRAW,Zamora,19,5,2025,2025-05-11,72.08149999999999,0.0,72.08149999999999
STRAW_Prod_5,STRAW,Zamora,20,5,2025,2025-05-18,80.95785714285714,,
STRAW_Prod_5,STRAW,Zamora,21,5,2025,2025-05-25,79.72425000000001,,
STRAW_Prod_5,STRAW,Zamora,22,6,2025,2025-06-01,78.55792857142858,,
STRAW_Prod_5,STRAW,Zamora,23,6,2025,2025-06-08,81.61475000000002,,
STRAW_Prod_5,STRAW,Zamora,24,6,2025,2025-06-15,88.195,,
STRAW_Prod_5,STRAW,Zamora,25,6,2025,2025-06-22,87.17833333333333,,
STRAW_Prod_5,STRAW,Zamora,26,6,2025,2025-06-29,90.1585,,
STRAW_Prod_5,STRAW,Zamora,27,7,2025,2025-07-06,79.72433333333332,,
STRAW_Prod_5,STRAW,Zamora,28,7,2025,2025-07-13,76.40599999999999,,
STRAW_Prod_5,STRAW,Zamora,29,7,2025,2025-07-20,75.48949999999999,,
STRAW_Prod_5,STRAW,Zamora,30,7,2025,2025-07-27,69.20916666666666,,
STRAW_Prod_5,STRAW,Zamora,31,8,2025,2025-08-03,77.38358333333335,,
STRAW_Prod_5,STRAW,Zamora,32,8,2025,2025-08-10,77.11291666666666,,
STRAW_Prod_5,STRAW,Zamora,33,8,2025,2025-08-17,67.48708333333335,,
STRAW_Prod_5,STRAW,Zamora,34,8,2025,2025-08-24,74.809375,,
STRAW_Prod_5,STRAW,Zamora,35,8,2025,2025-08-31,65.06539285714285,,
STRAW_Prod_5,STRAW,Zamora,36,9,2025,2025-09-07,73.86091666666668,,
STRAW_Prod_5,STRAW,Zamora,37,9,2025,2025-09-14,66.59899999999999,,
STRAW_Prod_5,STRAW,Zamora,38,9,2025,2025-09-21,68.05916666666667,,
STRAW_Prod_5,STRAW,Zamora,39,9,2025,2025-09-28,68.01158333333333,,
STRAW_Prod_5,STRAW,Zamora,40,10,2025,2025-10-05,65.28466666666664,,
STRAW_Prod_5,STRAW,Zamora,41,10,2025,2025-10-12,66.66708333333334,,
STRAW_Prod_5,STRAW,Zamora,42,10,2025,2025-10-19,59.56708333333333,,
STRAW_Prod_5,STRAW,Zamora,43,10,2025,2025-10-26,56.17380555555556,,
STRAW_Prod_5,STRAW,Zamora,44,11,2025,2025-11-02,56.71708333333334,,
STRAW_Prod_5,STRAW,Zamora,45,11,2025,2025-11-09,57.14958333333333,,
STRAW_Prod_5,STRAW,Zamora,46,11,2025,2025-11-16,56.50728571428571,,
STRAW_Prod_5,STRAW,Zamora,47,11,2025,2025-11-23,52.04095238095238,,
STRAW_Prod_5,STRAW,Zamora,48,11,2025,2025-11-30,45.27758333333334,,
STRAW_Prod_5,STRAW,Zamora,49,12,2025,2025-12-07,46.77889285714284,,
STRAW_Prod_5,STRAW,Zamora,50,12,2025,2025-12-14,45.37833333333334,,
